"","numero","data_autuacao","data_baixa","tem_rito_art_12","resultado","evento","tempo"
"1",316,2014-01-22,2025-05-27,"Não","Prejudicado",1,4143
"2",317,2014-02-10,2016-06-21,"Não","Sem mérito",1,862
"3",318,2014-02-24,2014-10-23,"Não","Sem mérito",1,241
"4",319,2014-04-03,2015-02-18,"Não","Sem mérito",1,321
"5",323,2014-06-27,2022-09-26,"Sim","Procedente",1,3013
"6",324,2014-08-25,2021-10-01,"Sim","Procedente",1,2594
"7",325,2014-08-27,2022-05-06,"Não","Procedente em parte",1,2809
"8",326,2014-09-09,2016-03-07,"Não","Prejudicado",1,545
"9",327,2014-09-16,2014-11-06,"Não","Sem mérito",1,51
"10",328,2014-10-03,2021-08-12,"Não","Procedente",1,2505
"11",329,2014-12-02,2015-02-18,"Não","Sem mérito",1,78
"12",330,2015-01-16,2020-04-06,"Não","Sem mérito",1,1907
"13",332,2015-02-20,2019-08-30,"Não","Sem mérito",1,1652
"14",333,2015-02-26,2015-06-09,"Não","Sem mérito",1,103
"15",334,2015-03-09,2023-06-05,"Não","Procedente",1,3010
"16",335,2015-03-13,2021-09-27,"Sim","Procedente",1,2390
"17",336,2015-03-17,2021-05-19,"Não","Improcedente",1,2255
"18",337,2015-03-23,2019-08-09,"Não","Procedente",1,1600
"19",339,2015-03-26,2016-08-16,"Não","Procedente",1,509
"20",340,2015-04-08,2019-06-07,"Não","Sem mérito",1,1521
"21",341,2015-04-09,2023-03-10,"Não","Procedente em parte",1,2892
"22",343,2015-05-07,2016-11-24,"Não","Sem mérito",1,567
"23",344,2015-05-07,2020-09-23,"Não","Sem mérito",1,1966
"24",345,2015-05-16,2015-06-16,"Não","Sem mérito",1,31
"25",346,2015-05-22,2015-08-13,"Não","Sem mérito",1,83
"26",349,2015-06-01,2020-09-21,"Não","Sem mérito",1,1939
"27",350,2015-06-16,2016-12-15,"Não","Sem mérito",1,548
"28",352,2015-06-17,2015-08-12,"Não","Sem mérito",1,56
"29",353,2015-06-30,2021-09-27,"Não","Procedente em parte",1,2281
"30",354,2015-07-02,2016-10-27,"Não","Sem mérito",1,483
"31",355,2015-07-07,2019-10-21,"Não","Sem mérito",1,1567
"32",356,2015-07-27,2018-06-08,"Não","Sem mérito",1,1047
"33",357,2015-07-28,2021-10-18,"Sim","Procedente",1,2274
"34",358,2015-08-03,2015-10-21,"Não","Sem mérito",1,79
"35",359,2015-08-05,2015-10-22,"Não","Sem mérito",1,78
"36",360,2015-08-06,2019-11-04,"Não","Sem mérito",1,1551
"37",361,2015-08-10,2019-10-09,"Não","Sem mérito",1,1521
"38",362,2015-08-13,2024-05-02,"Não","Procedente em parte",1,3185
"39",363,2015-08-18,2015-09-10,"Não","Sem mérito",1,23
"40",364,2015-08-21,2019-10-16,"Não","Improcedente",1,1517
"41",365,2015-08-24,2018-08-24,"Sim","Sem mérito",1,1096
"42",366,2015-08-31,2025-03-14,"Sim","Improcedente",1,3483
"43",367,2015-09-01,2021-03-11,"Não","Improcedente",1,2018
"44",368,2015-09-02,2021-09-24,"Não","Procedente",1,2214
"45",369,2015-09-18,2020-10-28,"Não","Sem mérito",1,1867
"46",370,2015-09-21,2020-10-20,"Não","Procedente",1,1856
"47",371,2015-10-07,2016-02-16,"Não","Sem mérito",1,132
"48",372,2015-10-28,2017-04-17,"Não","Prejudicado",1,537
"49",375,2015-11-04,2019-04-22,"Não","Sem mérito",1,1265
"50",376,2015-11-19,2020-05-22,"Não","Sem mérito",1,1646
"51",377,2015-11-23,2017-09-04,"Não","Sem mérito",1,651
"52",378,2015-12-03,2016-08-25,"Não","Procedente em parte",1,266
"53",380,2016-01-15,2020-06-19,"Não","Prejudicado",1,1617
"54",381,2016-01-19,2023-05-09,"Não","Improcedente",1,2667
"55",382,2016-01-28,2016-03-10,"Não","Sem mérito",1,42
"56",383,2016-01-28,2016-03-10,"Não","Sem mérito",1,42
"57",384,2016-02-01,2020-10-20,"Não","Procedente",1,1723
"58",385,2016-02-15,2017-11-22,"Não","Sem mérito",1,646
"59",386,2016-02-22,2020-11-10,"Sim","Sem mérito",1,1723
"60",387,2016-03-01,2017-12-07,"Não","Procedente",1,646
"61",388,2016-03-03,2016-08-25,"Não","Procedente em parte",1,175
"62",389,2016-03-10,2020-11-02,"Não","Procedente",1,1698
"63",390,2016-03-17,2017-09-18,"Não","Sem mérito",1,550
"64",391,2016-03-17,2017-10-09,"Não","Sem mérito",1,571
"65",392,2016-03-30,2017-02-23,"Não","Sem mérito",1,330
"66",393,2016-04-08,2017-05-10,"Não","Sem mérito",1,397
"67",394,2016-04-11,2017-03-16,"Não","Sem mérito",1,339
"68",395,2016-04-11,2019-10-23,"Sim","Procedente",1,1290
"69",396,2016-04-14,2020-03-19,"Não","Sem mérito",1,1435
"70",397,2016-04-14,2016-05-23,"Não","Sem mérito",1,39
"71",398,2016-04-15,2022-08-31,"Sim","Sem mérito",1,2329
"72",399,2016-05-02,2020-06-09,"Não","Sem mérito",1,1499
"73",401,2016-05-02,2023-05-08,"Não","Improcedente",1,2562
"74",404,2016-05-04,2019-10-07,"Não","Sem mérito",1,1251
"75",405,2016-05-05,2021-08-16,"Não","Procedente em parte",1,1929
"76",406,2016-05-06,2017-02-21,"Não","Sem mérito",1,291
"77",407,2016-05-09,2016-06-08,"Não","Sem mérito",1,30
"78",408,2016-05-13,2017-11-17,"Não","Sem mérito",1,553
"79",409,2016-05-23,2016-09-28,"Não","Sem mérito",1,128
"80",410,2016-05-24,2016-06-24,"Não","Sem mérito",1,31
"81",411,2016-05-24,2021-08-18,"Não","Sem mérito",1,1912
"82",412,2016-06-08,2020-03-10,"Não","Sem mérito",1,1371
"83",413,2016-06-16,2018-08-14,"Não","Procedente",1,789
"84",414,2016-07-08,2017-03-30,"Não","Sem mérito",1,265
"85",415,2016-07-14,2018-10-01,"Não","Sem mérito",1,809
"86",416,2016-07-19,2017-11-24,"Não","Prejudicado",1,493
"87",417,2016-07-27,2017-08-22,"Não","Sem mérito",1,391
"88",418,2016-07-27,2020-05-15,"Não","Improcedente",1,1388
"89",419,2016-08-05,2021-09-01,"Não","Improcedente",1,1853
"90",421,2016-08-24,2017-06-16,"Não","Sem mérito",1,296
"91",423,2016-10-04,2020-07-09,"Sim","Sem mérito",1,1374
"92",425,2016-10-31,2018-11-16,"Não","Prejudicado",1,746
"93",426,2016-11-03,2021-11-26,"Não","Sem mérito",1,1849
"94",427,2016-11-04,2022-12-01,"Não","Sem mérito",1,2218
"95",428,2016-11-07,2017-05-26,"Não","Sem mérito",1,200
"96",430,2016-11-11,2023-05-19,"Não","Sem mérito",1,2380
"97",431,2016-11-11,2017-03-21,"Não","Sem mérito",1,130
"98",432,2016-11-11,2017-02-13,"Não","Sem mérito",1,94
"99",435,2016-11-23,2018-10-02,"Não","Sem mérito",1,678
"100",436,2016-11-30,2017-02-24,"Não","Sem mérito",1,86
"101",437,2016-12-20,2020-10-26,"Não","Procedente",1,1406
"102",438,2016-12-20,2020-02-07,"Não","Sem mérito",1,1144
"103",439,2017-01-02,2017-06-13,"Não","Sem mérito",1,162
"104",440,2017-02-15,2020-02-10,"Não","Sem mérito",1,1090
"105",441,2017-02-24,2017-08-25,"Não","Sem mérito",1,182
"106",443,2017-03-14,2020-05-19,"Não","Sem mérito",1,1162
"107",444,2017-03-14,2020-06-18,"Sim","Procedente",1,1192
"108",446,2017-03-22,2019-11-06,"Não","Procedente em parte",1,959
"109",447,2017-03-29,2017-08-23,"Não","Sem mérito",1,147
"110",448,2017-04-05,2020-12-15,"Não","Sem mérito",1,1350
"111",449,2017-04-07,2019-11-04,"Não","Procedente",1,941
"112",450,2017-04-18,2019-10-08,"Sim","Sem mérito",1,903
"113",451,2017-04-27,2019-02-21,"Não","Sem mérito",1,665
"114",452,2017-05-03,2020-05-27,"Não","Procedente em parte",1,1120
"115",453,2017-05-04,2019-12-13,"Não","Sem mérito",1,953
"116",455,2017-05-11,2023-08-14,"Sim","Sem mérito",1,2286
"117",456,2017-05-16,2017-08-31,"Não","Sem mérito",1,107
"118",457,2017-05-22,2020-06-16,"Não","Procedente",1,1121
"119",458,2017-05-23,2019-11-22,"Não","Sem mérito",1,913
"120",459,2017-05-25,2017-08-03,"Não","Prejudicado",1,70
"121",460,2017-06-06,2020-09-11,"Não","Procedente",1,1193
"122",461,2017-06-06,2020-10-08,"Não","Procedente",1,1220
"123",462,2017-06-06,2024-08-30,"Não","Procedente",1,2642
"124",463,2017-06-07,2019-03-08,"Não","Prejudicado",1,639
"125",464,2017-06-08,2018-11-08,"Não","Sem mérito",1,518
"126",465,2017-06-08,2020-10-01,"Não","Procedente",1,1211
"127",467,2017-06-08,2020-08-14,"Não","Procedente",1,1163
"128",468,2017-06-09,2018-06-27,"Não","Sem mérito",1,383
"129",469,2017-06-20,2017-08-24,"Não","Sem mérito",1,65
"130",470,2017-06-22,2022-09-01,"Não","Sem mérito",1,1897
"131",471,2017-06-26,2020-05-26,"Sim","Sem mérito",1,1065
"132",472,2017-07-13,2017-11-06,"Não","Sem mérito",1,116
"133",474,2017-08-19,2024-09-30,"Não","Procedente em parte",1,2599
"134",475,2017-08-19,2023-05-12,"Sim","Improcedente",1,2092
"135",476,2017-08-22,2020-03-20,"Não","Prejudicado",1,941
"136",477,2017-08-24,2019-10-29,"Não","Prejudicado",1,796
"137",478,2017-08-29,2018-02-26,"Não","Sem mérito",1,181
"138",479,2017-08-30,2017-11-21,"Não","Sem mérito",1,83
"139",480,2017-09-15,2018-05-04,"Não","Sem mérito",1,231
"140",481,2017-09-15,2018-08-07,"Não","Sem mérito",1,326
"141",482,2017-09-15,2020-04-06,"Não","Procedente",1,934
"142",483,2017-09-21,2019-06-25,"Sim","Sem mérito",1,642
"143",484,2017-09-25,2020-11-19,"Não","Procedente em parte",1,1151
"144",485,2017-09-25,2021-02-17,"Não","Procedente",1,1241
"145",486,2017-10-06,2023-09-06,"Não","Procedente em parte",1,2161
"146",487,2017-10-09,2018-03-23,"Não","Sem mérito",1,165
"147",488,2017-10-11,2024-03-04,"Não","Sem mérito",1,2336
"148",489,2017-10-20,2020-04-02,"Não","Prejudicado",1,895
"149",491,2017-10-20,2020-06-08,"Não","Prejudicado",1,962
"150",492,2017-10-23,2021-02-08,"Sim","Procedente",1,1204
"151",493,2017-10-23,2021-02-12,"Não","Procedente",1,1208
"152",494,2017-10-27,2023-03-24,"Sim","Sem mérito",1,1974
"153",495,2017-10-30,2023-05-26,"Sim","Procedente",1,2034
"154",496,2017-10-30,2022-11-22,"Sim","Improcedente",1,1849
"155",497,2017-11-21,2019-11-04,"Não","Sem mérito",1,713
"156",498,2017-11-23,2020-06-01,"Não","Sem mérito",1,921
"157",499,2017-11-23,2023-08-09,"Sim","Procedente",1,2085
"158",500,2017-11-28,2022-05-11,"Não","Sem mérito",1,1625
"159",501,2017-11-30,2022-09-20,"Não","Procedente",1,1755
"160",502,2017-12-18,2018-03-19,"Não","Sem mérito",1,91
"161",503,2017-12-13,2019-11-05,"Não","Sem mérito",1,692
"162",504,2017-12-14,2020-12-09,"Não","Procedente",1,1091
"163",505,2017-12-21,2018-08-26,"Não","Prejudicado",1,248
"164",506,2017-12-21,2018-04-13,"Não","Sem mérito",1,113
"165",507,2018-01-08,2018-04-13,"Não","Sem mérito",1,95
"166",508,2018-01-19,2020-08-11,"Não","Sem mérito",1,935
"167",510,2018-02-06,2018-08-09,"Não","Sem mérito",1,184
"168",511,2018-02-21,2024-04-11,"Sim","Sem mérito",1,2241
"169",512,2018-02-23,2024-02-09,"Não","Procedente",1,2177
"170",513,2018-03-02,2021-02-17,"Não","Procedente",1,1083
"171",514,2018-04-20,2019-10-02,"Não","Procedente",1,530
"172",515,2018-05-02,2020-12-09,"Não","Prejudicado",1,952
"173",516,2018-05-10,2019-09-23,"Não","Procedente",1,501
"174",517,2018-05-16,2019-10-09,"Não","Sem mérito",1,511
"175",518,2018-05-16,2023-04-28,"Sim","Sem mérito",1,1808
"176",520,2018-06-07,2018-08-24,"Não","Sem mérito",1,78
"177",521,2018-06-11,2018-09-28,"Não","Sem mérito",1,109
"178",523,2018-06-12,2021-03-11,"Não","Improcedente",1,1003
"179",524,2018-06-15,2023-09-19,"Não","Procedente",1,1922
"180",525,2018-06-19,2019-03-28,"Não","Sem mérito",1,282
"181",526,2018-06-25,2020-06-23,"Sim","Procedente",1,729
"182",527,2018-06-25,2023-11-28,"Não","Sem mérito",1,1982
"183",528,2018-06-26,2022-08-08,"Não","Improcedente",1,1504
"184",529,2018-06-26,2020-04-29,"Sim","Sem mérito",1,673
"185",530,2018-06-27,2020-12-21,"Não","Procedente",1,908
"186",531,2018-06-28,2018-09-05,"Não","Sem mérito",1,69
"187",532,2018-07-13,2018-08-31,"Não","Prejudicado",1,49
"188",533,2018-07-23,2022-12-13,"Não","Sem mérito",1,1604
"189",534,2018-07-25,2020-09-28,"Não","Sem mérito",1,796
"190",535,2018-07-30,2021-08-25,"Não","Sem mérito",1,1122
"191",536,2018-08-03,2018-11-09,"Não","Sem mérito",1,98
"192",537,2018-08-16,2018-09-27,"Não","Sem mérito",1,42
"193",538,2018-08-30,2019-08-30,"Não","Prejudicado",1,365
"194",539,2018-09-10,2021-03-16,"Sim","Procedente em parte",1,918
"195",540,2018-09-12,2019-04-05,"Não","Sem mérito",1,205
"196",541,2018-09-19,2019-06-04,"Não","Improcedente",1,258
"197",542,2018-09-25,2020-11-13,"Não","Procedente",1,780
"198",543,2018-09-27,2019-03-13,"Não","Sem mérito",1,167
"199",544,2018-10-09,2022-06-27,"Não","Sem mérito",1,1357
"200",545,2018-10-11,2019-04-08,"Não","Sem mérito",1,179
"201",546,2018-10-17,2023-02-27,"Sim","Sem mérito",1,1594
"202",547,2018-10-17,2021-06-30,"Não","Procedente",1,987
"203",548,2018-10-26,2020-06-24,"Não","Procedente",1,607
"204",549,2018-10-30,2020-10-05,"Não","Sem mérito",1,706
"205",550,2018-11-09,2024-03-20,"Sim","Sem mérito",1,1958
"206",551,2018-11-19,2019-03-05,"Não","Sem mérito",1,106
"207",552,2018-11-20,2019-09-09,"Não","Sem mérito",1,293
"208",553,2018-11-20,2019-05-31,"Não","Sem mérito",1,192
"209",554,2018-11-21,2020-06-10,"Sim","Sem mérito",1,567
"210",555,2018-11-23,2020-05-27,"Não","Sem mérito",1,551
"211",556,2018-11-28,2020-08-28,"Não","Procedente em parte",1,639
"212",558,2018-12-11,2019-02-21,"Não","Sem mérito",1,72
"213",559,2018-12-12,2022-08-12,"Não","Sem mérito",1,1339
"214",560,2018-12-14,2020-03-09,"Não","Sem mérito",1,451
"215",561,2019-01-02,2020-11-26,"Não","Sem mérito",1,694
"216",562,2019-01-14,2019-08-09,"Não","Sem mérito",1,207
"217",563,2019-01-14,2021-03-30,"Não","Sem mérito",1,806
"218",565,2019-02-25,2019-08-13,"Não","Sem mérito",1,169
"219",566,2019-02-26,2019-09-23,"Não","Sem mérito",1,209
"220",567,2019-02-28,2021-04-12,"Não","Improcedente",1,774
"221",568,2019-03-12,2019-10-14,"Não","Sem mérito",1,216
"222",569,2019-03-13,2024-06-17,"Não","Procedente em parte",1,1923
"223",570,2019-03-14,2019-09-30,"Não","Sem mérito",1,200
"224",571,2019-03-19,2021-10-13,"Não","Sem mérito",1,939
"225",572,2019-03-25,2020-11-26,"Não","Improcedente",1,612
"226",573,2019-03-25,2023-05-04,"Não","Procedente em parte",1,1501
"227",574,2019-03-28,2021-05-10,"Não","Sem mérito",1,774
"228",575,2019-04-02,2019-05-31,"Não","Sem mérito",1,59
"229",576,2019-04-11,2019-06-13,"Não","Sem mérito",1,63
"230",577,2019-04-12,2019-11-05,"Não","Sem mérito",1,207
"231",579,2019-04-24,2021-02-03,"Não","Sem mérito",1,651
"232",580,2019-05-04,2019-08-06,"Não","Sem mérito",1,94
"233",581,2019-05-08,2024-02-16,"Não","Procedente em parte",1,1745
"234",582,2019-05-14,2020-10-13,"Sim","Prejudicado",1,518
"235",583,2019-05-15,2020-10-15,"Sim","Prejudicado",1,519
"236",584,2019-05-17,2020-03-27,"Não","Procedente",1,315
"237",585,2019-05-21,2022-05-06,"Não","Sem mérito",1,1081
"238",586,2019-05-23,2024-02-16,"Não","Procedente em parte",1,1730
"239",587,2019-05-27,2020-10-06,"Não","Sem mérito",1,498
"240",588,2019-05-28,2022-03-28,"Não","Procedente",1,1035
"241",589,2019-05-28,2019-08-07,"Não","Sem mérito",1,71
"242",590,2019-06-12,2020-10-06,"Sim","Procedente",1,482
"243",591,2019-06-12,2024-11-05,"Não","Improcedente",1,1973
"244",592,2019-06-14,2024-02-23,"Não","Sem mérito",1,1715
"245",593,2019-06-18,2025-02-14,"Não","Procedente em parte",1,2068
"246",594,2019-06-18,2023-02-06,"Não","Prejudicado",1,1329
"247",595,2019-06-19,2020-10-22,"Não","Prejudicado",1,491
"248",596,2019-06-21,2022-08-17,"Não","Procedente em parte",1,1153
"249",597,2019-06-24,2020-09-28,"Não","Procedente em parte",1,462
"250",598,2019-06-27,2021-08-12,"Não","Procedente em parte",1,777
"251",600,2019-07-10,2020-10-01,"Não","Procedente",1,449
"252",601,2019-07-11,2023-08-10,"Não","Sem mérito",1,1491
"253",602,2019-07-22,2019-09-10,"Não","Sem mérito",1,50
"254",603,2019-07-25,2022-08-22,"Sim","Sem mérito",1,1124
"255",604,2019-07-26,2019-08-30,"Não","Sem mérito",1,35
"256",607,2019-07-31,2022-06-09,"Sim","Procedente",1,1044
"257",608,2019-08-02,2019-09-12,"Não","Sem mérito",1,41
"258",609,2019-08-06,2020-05-27,"Não","Sem mérito",1,295
"259",610,2019-08-13,2022-11-09,"Sim","Prejudicado",1,1184
"260",611,2019-08-15,2019-09-13,"Não","Sem mérito",1,29
"261",612,2019-08-19,2020-10-09,"Não","Sem mérito",1,417
"262",613,2019-08-19,2020-09-01,"Não","Sem mérito",1,379
"263",614,2019-08-27,2021-04-29,"Sim","Prejudicado",1,611
"264",616,2019-09-02,2022-11-29,"Não","Procedente em parte",1,1184
"265",617,2019-09-09,2020-02-12,"Não","Sem mérito",1,156
"266",619,2019-09-12,2022-09-17,"Não","Sem mérito",1,1101
"267",620,2019-09-13,2021-03-23,"Não","Procedente",1,557
"268",621,2019-09-16,2020-06-16,"Não","Sem mérito",1,274
"269",622,2019-09-16,2021-06-07,"Não","Procedente em parte",1,630
"270",623,2019-09-16,2023-08-09,"Não","Procedente",1,1423
"271",624,2019-09-17,2020-10-23,"Não","Sem mérito",1,402
"272",625,2019-10-04,2020-02-13,"Não","Sem mérito",1,132
"273",627,2019-10-15,2020-11-05,"Não","Sem mérito",1,387
"274",628,2019-10-16,2020-04-22,"Não","Prejudicado",1,189
"275",629,2019-10-18,2020-02-21,"Não","Sem mérito",1,126
"276",630,2019-10-23,2021-05-28,"Sim","Sem mérito",1,583
"277",631,2019-10-30,2019-12-05,"Não","Sem mérito",1,36
"278",632,2019-11-12,2020-03-03,"Não","Sem mérito",1,112
"279",633,2019-11-18,2020-04-06,"Não","Sem mérito",1,140
"280",634,2019-11-19,2023-04-24,"Não","Procedente",1,1252
"281",636,2019-11-26,2020-02-14,"Não","Sem mérito",1,80
"282",638,2019-12-13,2022-03-24,"Não","Prejudicado",1,832
"283",639,2019-12-17,2021-08-23,"Não","Sem mérito",1,615
"284",640,2019-12-18,2023-10-30,"Não","Procedente",1,1412
"285",641,2019-12-19,2020-10-21,"Não","Sem mérito",1,307
"286",643,2020-01-06,2024-03-11,"Não","Improcedente",1,1526
"287",644,2020-01-08,2024-03-11,"Não","Improcedente",1,1524
"288",645,2020-01-13,2020-04-30,"Não","Sem mérito",1,108
"289",646,2020-01-24,2022-08-16,"Não","Sem mérito",1,935
"290",647,2020-01-23,2022-03-15,"Sim","Sem mérito",1,782
"291",648,2020-02-03,2021-10-04,"Sim","Sem mérito",1,609
"292",649,2020-02-05,2022-03-29,"Não","Sem mérito",1,783
"293",650,2020-02-06,2021-02-12,"Não","Sem mérito",1,372
"294",651,2020-02-10,2022-11-09,"Não","Procedente",1,1003
"295",652,2020-02-10,2020-03-25,"Não","Sem mérito",1,44
"296",653,2020-02-14,2020-05-04,"Não","Sem mérito",1,80
"297",654,2020-02-20,2020-05-15,"Não","Sem mérito",1,85
"298",655,2020-03-03,2020-11-25,"Não","Sem mérito",1,267
"299",656,2020-03-03,2022-05-25,"Não","Sem mérito",1,813
"300",658,2020-03-09,2022-05-25,"Não","Sem mérito",1,807
"301",659,2020-03-23,2022-05-17,"Não","Prejudicado",1,785
"302",660,2020-03-23,2020-04-30,"Não","Sem mérito",1,38
"303",661,2020-03-23,2021-09-28,"Não","Procedente em parte",1,554
"304",662,2020-03-24,2022-06-21,"Não","Sem mérito",1,819
"305",663,2020-03-24,2021-09-30,"Não","Procedente em parte",1,555
"306",664,2020-03-26,2021-05-13,"Não","Procedente",1,413
"307",665,2020-03-26,2022-06-27,"Sim","Prejudicado",1,823
"308",666,2020-03-26,2020-06-01,"Não","Sem mérito",1,67
"309",668,2020-03-30,2020-06-02,"Não","Sem mérito",1,64
"310",669,2020-03-30,2020-06-03,"Não","Sem mérito",1,65
"311",670,2020-03-30,2024-06-10,"Não","Procedente",1,1533
"312",671,2020-03-31,2020-08-20,"Não","Sem mérito",1,142
"313",672,2020-04-01,2020-11-13,"Não","Procedente em parte",1,226
"314",673,2020-04-02,2022-05-02,"Sim","Sem mérito",1,760
"315",674,2020-04-13,2022-04-05,"Não","Prejudicado",1,722
"316",675,2020-04-14,2020-05-15,"Não","Sem mérito",1,31
"317",676,2020-04-20,2020-11-18,"Não","Sem mérito",1,212
"318",678,2020-04-28,2020-05-26,"Não","Sem mérito",1,28
"319",679,2020-05-04,2020-06-01,"Não","Sem mérito",1,28
"320",680,2020-05-06,2025-03-25,"Não","Sem mérito",1,1784
"321",681,2020-05-07,2022-04-01,"Não","Prejudicado",1,694
"322",682,2020-05-08,2020-06-16,"Não","Sem mérito",1,39
"323",683,2020-05-11,2022-03-30,"Não","Prejudicado",1,688
"324",684,2020-05-13,2024-03-18,"Não","Sem mérito",1,1405
"325",685,2020-05-27,2021-04-14,"Não","Sem mérito",1,322
"326",686,2020-05-27,2021-11-11,"Não","Sem mérito",1,533
"327",687,2020-05-27,2020-08-17,"Não","Sem mérito",1,82
"328",688,2020-06-03,2021-02-03,"Não","Sem mérito",1,245
"329",689,2020-06-08,2020-08-23,"Não","Sem mérito",1,76
"330",690,2020-06-08,2021-04-28,"Não","Procedente em parte",1,324
"331",691,2020-06-09,2021-04-28,"Não","Procedente em parte",1,323
"332",692,2020-06-09,2021-04-28,"Não","Procedente em parte",1,323
"333",693,2020-06-12,2022-03-28,"Sim","Sem mérito",1,654
"334",694,2020-06-16,2021-10-19,"Não","Sem mérito",1,490
"335",695,2020-06-16,2023-06-30,"Não","Procedente em parte",1,1109
"336",696,2020-06-16,2021-08-06,"Não","Sem mérito",1,416
"337",697,2020-06-18,2021-08-25,"Não","Sem mérito",1,433
"338",698,2020-06-19,2020-08-21,"Não","Prejudicado",1,63
"339",699,2020-06-19,2020-08-24,"Não","Prejudicado",1,66
"340",700,2020-06-19,2020-08-21,"Não","Prejudicado",1,63
"341",701,2020-06-22,2022-11-23,"Não","Prejudicado",1,884
"342",702,2020-06-22,2022-11-23,"Não","Prejudicado",1,884
"343",703,2020-06-22,2021-03-11,"Não","Sem mérito",1,262
"344",704,2020-06-23,2021-09-22,"Sim","Sem mérito",1,456
"345",705,2020-06-24,2021-08-20,"Não","Sem mérito",1,422
"346",706,2020-06-30,2022-04-06,"Não","Procedente",1,645
"347",707,2020-06-30,2023-03-10,"Não","Prejudicado",1,983
"348",708,2020-06-30,2023-06-19,"Não","Procedente",1,1084
"349",710,2020-07-01,2021-08-18,"Não","Sem mérito",1,413
"350",711,2020-07-02,2020-12-15,"Não","Sem mérito",1,166
"351",712,2020-07-02,2023-08-10,"Não","Sem mérito",1,1134
"352",713,2020-07-07,2022-04-06,"Não","Procedente",1,638
"353",714,2020-07-06,2021-12-13,"Não","Procedente em parte",1,525
"354",715,2020-07-07,2021-03-08,"Sim","Procedente em parte",1,244
"355",717,2020-07-09,2022-11-17,"Sim","Sem mérito",1,861
"356",718,2020-07-09,2021-03-05,"Não","Procedente em parte",1,239
"357",719,2020-07-09,2021-09-22,"Não","Sem mérito",1,440
"358",720,2020-07-15,2021-08-27,"Não","Sem mérito",1,408
"359",721,2020-07-17,2021-09-22,"Não","Sem mérito",1,432
"360",722,2020-07-27,2022-06-20,"Não","Procedente",1,693
"361",723,2020-08-05,2021-04-27,"Sim","Sem mérito",1,265
"362",724,2020-08-12,2020-12-09,"Não","Sem mérito",1,119
"363",725,2020-08-20,2020-12-07,"Não","Sem mérito",1,109
"364",726,2020-08-21,2021-08-25,"Não","Sem mérito",1,369
"365",727,2020-08-24,2023-09-19,"Sim","Sem mérito",1,1121
"366",728,2020-08-25,2021-05-04,"Não","Sem mérito",1,252
"367",729,2020-08-25,2020-12-09,"Não","Sem mérito",1,106
"368",730,2020-08-25,2023-09-25,"Não","Sem mérito",1,1126
"369",731,2020-08-25,2021-04-14,"Sim","Procedente",1,232
"370",732,2020-08-25,2021-05-27,"Não","Procedente",1,275
"371",733,2020-08-26,2020-09-25,"Não","Sem mérito",1,30
"372",734,2020-08-28,2023-05-15,"Sim","Improcedente",1,990
"373",735,2020-09-01,2023-02-15,"Não","Prejudicado",1,897
"374",736,2020-09-03,2020-10-05,"Não","Sem mérito",1,32
"375",737,2020-09-03,2021-09-27,"Sim","Sem mérito",1,389
"376",738,2020-09-03,2021-08-05,"Não","Prejudicado",1,336
"377",739,2020-09-08,2021-02-10,"Não","Sem mérito",1,155
"378",740,2020-09-09,2020-11-19,"Não","Sem mérito",1,71
"379",741,2020-09-10,2020-10-20,"Não","Sem mérito",1,40
"380",744,2020-09-18,2023-03-01,"Não","Prejudicado",1,894
"381",745,2020-09-18,2023-12-18,"Não","Improcedente",1,1186
"382",747,2020-09-30,2022-02-09,"Não","Procedente",1,497
"383",748,2020-10-01,2022-08-16,"Não","Procedente em parte",1,684
"384",749,2020-10-02,2022-02-09,"Não","Procedente em parte",1,495
"385",750,2020-10-06,2021-12-15,"Não","Sem mérito",1,435
"386",751,2020-10-06,2023-03-01,"Não","Sem mérito",1,876
"387",752,2020-10-08,2021-02-09,"Sim","Sem mérito",1,124
"388",753,2020-10-16,2021-05-18,"Não","Sem mérito",1,214
"389",754,2020-10-22,2023-09-26,"Não","Sem mérito",1,1069
"390",755,2020-10-22,2024-02-23,"Não","Sem mérito",1,1219
"391",756,2020-10-23,2023-09-19,"Não","Sem mérito",1,1061
"392",757,2020-10-28,2021-04-27,"Não","Sem mérito",1,181
"393",761,2020-11-12,2023-03-07,"Não","Prejudicado",1,845
"394",763,2020-11-13,2022-11-28,"Não","Improcedente",1,745
"395",764,2020-11-25,2021-10-08,"Não","Procedente",1,317
"396",767,2020-11-27,2023-03-10,"Sim","Sem mérito",1,833
"397",768,2020-12-07,2021-02-24,"Não","Sem mérito",1,79
"398",770,2020-12-09,2023-11-28,"Não","Sem mérito",1,1084
"399",771,2020-12-11,2021-10-19,"Não","Sem mérito",1,312
"400",772,2020-12-11,2023-08-12,"Sim","Prejudicado",1,974
"401",773,2020-12-14,2021-05-10,"Não","Sem mérito",1,147
"402",775,2020-12-15,2024-08-30,"Não","Sem mérito",1,1354
"403",776,2020-12-15,2023-08-14,"Não","Sem mérito",1,972
"404",777,2020-12-17,2025-05-14,"Não","Procedente em parte",1,1609
"405",778,2021-01-06,2022-03-15,"Não","Sem mérito",1,433
"406",779,2021-01-06,2023-10-30,"Não","Procedente",1,1027
"407",780,2021-01-07,2021-03-10,"Não","Sem mérito",1,62
"408",781,2021-01-07,2021-04-01,"Não","Sem mérito",1,84
"409",782,2021-01-08,2021-06-14,"Não","Sem mérito",1,157
"410",783,2021-01-11,2023-05-15,"Não","Procedente",1,854
"411",784,2021-01-21,2021-02-25,"Não","Sem mérito",1,35
"412",785,2021-01-25,2022-04-05,"Não","Prejudicado",1,435
"413",786,2021-01-26,2021-03-15,"Não","Sem mérito",1,48
"414",787,2021-02-01,2025-02-07,"Sim","Procedente",1,1467
"415",788,2021-02-03,2023-06-30,"Não","Sem mérito",1,877
"416",789,2021-02-11,2021-09-16,"Não","Procedente",1,217
"417",790,2021-02-11,2025-05-27,"Não","Sem mérito",1,1566
"418",791,2021-02-19,2023-02-28,"Não","Prejudicado",1,739
"419",792,2021-02-19,2023-02-28,"Não","Prejudicado",1,739
"420",793,2021-02-23,2022-02-25,"Não","Procedente",1,367
"421",794,2021-02-25,2021-06-24,"Não","Improcedente",1,119
"422",795,2021-03-02,2023-02-22,"Sim","Prejudicado",1,722
"423",796,2021-03-02,2021-05-28,"Não","Sem mérito",1,87
"424",797,2021-03-03,2023-10-17,"Sim","Sem mérito",1,958
"425",798,2021-03-03,2023-02-21,"Não","Sem mérito",1,720
"426",799,2021-03-04,2023-10-17,"Sim","Sem mérito",1,957
"427",801,2021-03-12,2022-09-26,"Não","Sem mérito",1,563
"428",802,2021-03-12,2021-08-09,"Sim","Prejudicado",1,150
"429",803,2021-03-12,2021-06-01,"Não","Sem mérito",1,81
"430",804,2021-03-12,2022-09-26,"Não","Sem mérito",1,563
"431",805,2021-03-15,2023-05-30,"Não","Sem mérito",1,806
"432",806,2021-03-16,2021-04-22,"Não","Sem mérito",1,37
"433",807,2021-03-16,2024-09-04,"Sim","Sem mérito",1,1268
"434",808,2021-03-17,2024-06-14,"Não","Sem mérito",1,1185
"435",810,2021-03-18,2021-04-29,"Não","Sem mérito",1,42
"436",811,2021-03-19,2021-08-06,"Sim","Improcedente",1,140
"437",812,2021-03-19,2022-02-23,"Não","Prejudicado",1,341
"438",813,2021-03-19,2021-08-23,"Não","Sem mérito",1,157
"439",814,2021-03-22,2021-06-15,"Sim","Sem mérito",1,85
"440",815,2021-03-24,2024-01-26,"Não","Sem mérito",1,1038
"441",816,2021-03-25,2023-10-17,"Sim","Sem mérito",1,936
"442",818,2021-04-05,2023-02-09,"Sim","Sem mérito",1,675
"443",819,2021-04-05,2025-04-07,"Sim","Procedente",1,1463
"444",820,2021-04-05,2021-09-30,"Sim","Prejudicado",1,178
"445",821,2021-04-07,2023-10-17,"Não","Sem mérito",1,923
"446",822,2021-04-08,2023-06-07,"Não","Sem mérito",1,790
"447",823,2021-04-08,2022-02-02,"Não","Sem mérito",1,300
"448",824,2021-04-09,2025-03-19,"Não","Improcedente",1,1440
"449",825,2021-04-09,2021-12-06,"Não","Improcedente",1,241
"450",827,2021-04-13,2021-08-25,"Não","Sem mérito",1,134
"451",829,2021-04-16,2021-06-29,"Não","Sem mérito",1,74
"452",830,2021-04-16,2021-06-14,"Não","Sem mérito",1,59
"453",831,2021-04-22,2025-02-24,"Não","Sem mérito",1,1404
"454",832,2021-04-28,2023-05-15,"Não","Improcedente",1,747
"455",833,2021-04-28,2022-09-05,"Sim","Procedente",1,495
"456",834,2021-04-30,2023-04-24,"Não","Sem mérito",1,724
"457",835,2021-05-03,2024-02-02,"Não","Sem mérito",1,1005
"458",836,2021-05-03,2021-08-24,"Não","Procedente",1,113
"459",838,2021-05-05,2022-08-31,"Não","Sem mérito",1,483
"460",839,2021-05-06,2021-08-23,"Não","Sem mérito",1,109
"461",840,2021-05-06,2021-09-10,"Não","Sem mérito",1,127
"462",841,2021-05-06,2021-10-08,"Sim","Sem mérito",1,155
"463",842,2021-05-06,2023-03-20,"Sim","Sem mérito",1,683
"464",843,2021-05-11,2021-12-10,"Não","Sem mérito",1,213
"465",844,2021-05-18,2022-09-14,"Não","Procedente",1,484
"466",845,2021-05-21,2023-06-15,"Não","Sem mérito",1,755
"467",846,2021-05-21,2021-08-18,"Não","Sem mérito",1,89
"468",848,2021-05-31,2022-08-12,"Não","Prejudicado",1,438
"469",849,2021-06-02,2021-10-14,"Não","Sem mérito",1,134
"470",850,2021-06-08,2023-09-15,"Não","Procedente",1,829
"471",851,2021-06-08,2023-05-09,"Não","Procedente",1,700
"472",852,2021-06-14,2023-04-17,"Não","Prejudicado",1,672
"473",853,2021-06-15,2024-09-27,"Não","Procedente",1,1200
"474",855,2021-06-16,2023-02-28,"Não","Prejudicado",1,622
"475",856,2021-06-18,2022-09-27,"Sim","Sem mérito",1,466
"476",858,2021-06-22,2023-09-22,"Não","Procedente",1,822
"477",859,2021-06-30,2021-11-04,"Não","Sem mérito",1,127
"478",860,2021-06-30,2023-02-23,"Não","Procedente",1,603
"479",861,2021-06-30,2022-02-22,"Não","Sem mérito",1,237
"480",862,2021-06-30,2025-02-11,"Não","Procedente",1,1322
"481",864,2021-07-02,2022-03-04,"Não","Sem mérito",1,245
"482",865,2021-07-02,2023-02-02,"Sim","Prejudicado",1,580
"483",866,2021-07-09,2021-08-25,"Não","Sem mérito",1,47
"484",868,2021-07-19,2024-09-04,"Sim","Prejudicado",1,1143
"485",869,2021-07-21,2022-12-02,"Não","Sem mérito",1,499
"486",871,2021-08-02,2021-12-15,"Não","Procedente em parte",1,135
"487",872,2021-08-02,2023-09-05,"Não","Procedente",1,764
"488",873,2021-08-05,2023-03-10,"Não","Procedente em parte",1,582
"489",874,2021-08-10,2022-03-24,"Não","Sem mérito",1,226
"490",878,2021-08-26,2023-06-15,"Não","Prejudicado",1,658
"491",879,2021-09-01,2023-02-23,"Não","Procedente",1,540
"492",880,2021-09-03,2022-06-24,"Sim","Sem mérito",1,294
"493",882,2021-09-20,2022-02-14,"Não","Sem mérito",1,147
"494",883,2021-09-21,2022-02-16,"Não","Sem mérito",1,148
"495",884,2021-09-22,2022-03-25,"Não","Procedente",1,184
"496",885,2021-09-27,2023-08-03,"Sim","Sem mérito",1,675
"497",886,2021-09-27,2022-03-15,"Não","Sem mérito",1,169
"498",887,2021-10-06,2025-01-21,"Não","Improcedente",1,1203
"499",888,2021-10-08,2022-02-09,"Não","Sem mérito",1,124
"500",890,2021-10-14,2022-03-23,"Não","Procedente",1,160
"501",891,2021-10-18,2022-06-09,"Não","Sem mérito",1,234
"502",892,2021-10-18,2024-10-08,"Não","Prejudicado",1,1086
"503",893,2021-10-19,2022-09-16,"Não","Procedente",1,332
"504",894,2021-10-26,2021-11-26,"Não","Sem mérito",1,31
"505",895,2021-10-27,2021-12-14,"Não","Sem mérito",1,48
"506",896,2021-10-28,2023-05-04,"Não","Improcedente",1,553
"507",897,2021-11-03,2023-03-24,"Sim","Sem mérito",1,506
"508",898,2021-11-03,2022-12-19,"Não","Prejudicado",1,411
"509",900,2021-11-04,2023-03-10,"Não","Prejudicado",1,491
"510",901,2021-11-04,2022-12-19,"Não","Prejudicado",1,410
"511",902,2021-11-08,2023-04-13,"Sim","Improcedente",1,521
"512",903,2021-11-09,2021-12-17,"Não","Sem mérito",1,38
"513",904,2021-11-09,2022-04-22,"Não","Sem mérito",1,164
"514",905,2021-11-09,2022-12-19,"Não","Prejudicado",1,405
"515",906,2021-11-10,2024-03-19,"Não","Sem mérito",1,860
"516",907,2021-11-11,2022-12-19,"Não","Prejudicado",1,403
"517",908,2021-11-11,2024-03-19,"Não","Sem mérito",1,859
"518",909,2021-11-19,2022-02-07,"Não","Sem mérito",1,80
"519",910,2021-11-23,2023-08-09,"Não","Procedente em parte",1,624
"520",911,2021-11-23,2023-05-30,"Não","Sem mérito",1,553
"521",912,2021-11-23,2022-04-12,"Não","Procedente",1,140
"522",913,2021-11-29,2022-12-02,"Não","Prejudicado",1,368
"523",914,2021-11-30,2022-02-14,"Não","Sem mérito",1,76
"524",915,2021-12-01,2022-09-08,"Não","Procedente",1,281
"525",916,2021-12-02,2022-02-22,"Não","Sem mérito",1,82
"526",917,2021-12-02,2022-12-02,"Não","Prejudicado",1,365
"527",918,2021-12-03,2023-06-15,"Não","Prejudicado",1,559
"528",921,2021-12-09,2024-12-10,"Não","Sem mérito",1,1097
"529",922,2021-12-13,2023-07-03,"Sim","Sem mérito",1,567
"530",923,2021-12-14,2022-10-27,"Não","Sem mérito",1,317
"531",924,2021-12-16,2024-12-10,"Não","Sem mérito",1,1090
"532",926,2021-12-17,2023-05-09,"Não","Procedente",1,508
"533",927,2021-12-17,2022-03-30,"Não","Sem mérito",1,103
"534",929,2021-12-29,2022-03-30,"Não","Sem mérito",1,91
"535",930,2021-12-30,2022-08-23,"Sim","Sem mérito",1,236
"536",931,2021-12-30,2022-08-23,"Sim","Sem mérito",1,236
"537",932,2022-01-04,2023-03-24,"Sim","Sem mérito",1,444
"538",933,2022-01-10,2022-03-14,"Não","Sem mérito",1,63
"539",936,2022-01-19,2024-11-11,"Não","Procedente em parte",1,1027
"540",938,2022-02-01,2023-06-26,"Não","Prejudicado",1,510
"541",939,2022-02-02,2022-05-16,"Não","Sem mérito",1,103
"542",940,2022-02-07,2023-10-24,"Sim","Sem mérito",1,624
"543",941,2022-02-07,2022-06-25,"Não","Sem mérito",1,138
"544",942,2022-02-08,2025-06-04,"Não","Sem mérito",1,1212
"545",945,2022-02-15,2023-08-15,"Não","Sem mérito",1,546
"546",946,2022-02-18,2025-03-06,"Não","Procedente",1,1112
"547",947,2022-02-22,2022-04-27,"Não","Prejudicado",1,64
"548",948,2022-03-02,2022-10-17,"Não","Sem mérito",1,229
"549",949,2022-03-07,2024-08-21,"Não","Procedente",1,898
"550",950,2022-03-11,2022-09-23,"Não","Sem mérito",1,196
"551",951,2022-03-11,2024-02-16,"Não","Sem mérito",1,707
"552",952,2022-03-18,2022-10-17,"Não","Sem mérito",1,213
"553",953,2022-03-18,2022-04-18,"Não","Sem mérito",1,31
"554",954,2022-03-21,2022-04-19,"Não","Sem mérito",1,29
"555",955,2022-03-22,2022-08-24,"Não","Sem mérito",1,155
"556",956,2022-03-30,2024-06-07,"Não","Procedente",1,800
"557",957,2022-04-06,2022-08-04,"Não","Sem mérito",1,120
"558",958,2022-04-06,2023-09-01,"Não","Sem mérito",1,513
"559",959,2022-04-08,2024-02-07,"Não","Procedente em parte",1,670
"560",960,2022-04-18,2023-02-14,"Não","Sem mérito",1,302
"561",961,2022-04-18,2023-08-24,"Sim","Prejudicado",1,493
"562",962,2022-04-19,2024-06-26,"Não","Procedente",1,799
"563",963,2022-04-20,2022-08-24,"Não","Sem mérito",1,126
"564",964,2022-04-22,2023-08-25,"Não","Procedente",1,490
"565",965,2022-04-22,2023-08-25,"Sim","Procedente",1,490
"566",966,2022-04-22,2023-08-25,"Sim","Procedente",1,490
"567",967,2022-04-25,2023-08-25,"Não","Procedente",1,487
"568",968,2022-04-27,2023-12-11,"Não","Prejudicado",1,593
"569",969,2022-05-01,2023-10-25,"Não","Procedente em parte",1,542
"570",970,2022-05-01,2022-05-25,"Não","Sem mérito",1,24
"571",971,2022-05-06,2023-08-14,"Sim","Improcedente",1,465
"572",974,2022-05-18,2023-02-27,"Não","Sem mérito",1,285
"573",975,2022-05-23,2022-10-26,"Não","Procedente",1,156
"574",978,2022-05-27,2022-10-14,"Não","Sem mérito",1,140
"575",979,2022-05-31,2023-08-03,"Não","Sem mérito",1,429
"576",980,2022-06-01,2023-03-20,"Não","Sem mérito",1,292
"577",981,2022-06-02,2023-04-11,"Sim","Prejudicado",1,313
"578",982,2022-06-10,2025-03-25,"Não","Procedente",1,1019
"579",983,2022-06-14,2023-12-22,"Não","Procedente em parte",1,556
"580",984,2022-06-15,2024-03-08,"Não","Sem mérito",1,632
"581",985,2022-06-15,2024-08-19,"Não","Procedente",1,796
"582",986,2022-06-15,2023-04-10,"Sim","Sem mérito",1,299
"583",988,2022-06-27,2022-11-07,"Não","Procedente",1,133
"584",990,2022-06-30,2023-02-09,"Sim","Sem mérito",1,224
"585",993,2022-07-04,2022-09-27,"Não","Sem mérito",1,85
"586",994,2022-07-05,2022-08-24,"Não","Sem mérito",1,50
"587",995,2022-07-13,2023-10-19,"Não","Procedente",1,463
"588",996,2022-07-18,2022-11-22,"Não","Sem mérito",1,127
"589",997,2022-08-03,2024-10-12,"Não","Sem mérito",1,801
"590",998,2022-08-03,2022-10-13,"Não","Sem mérito",1,71
"591",999,2022-08-05,2023-03-17,"Sim","Sem mérito",1,224
"592",1000,2022-08-11,2023-08-16,"Não","Sem mérito",1,370
"593",1001,2022-08-11,2023-06-20,"Não","Prejudicado",1,313
"594",1002,2022-08-15,2023-04-20,"Não","Improcedente",1,248
"595",1003,2022-08-15,2023-02-28,"Sim","Sem mérito",1,197
"596",1004,2022-08-19,2024-10-21,"Sim","Procedente",1,794
"597",1007,2022-08-31,2023-02-27,"Não","Sem mérito",1,180
"598",1008,2022-09-09,2023-06-30,"Não","Improcedente",1,294
"599",1010,2022-09-13,2022-11-11,"Não","Sem mérito",1,59
"600",1011,2022-09-14,2024-08-09,"Sim","Procedente",1,695
"601",1012,2022-09-23,2023-03-09,"Não","Procedente",1,167
"602",1013,2022-09-28,2024-08-07,"Não","Procedente em parte",1,679
"603",1014,2022-09-29,2025-04-23,"Sim","Procedente",1,937
"604",1015,2022-10-13,2023-05-04,"Não","Sem mérito",1,203
"605",1016,2022-10-18,2023-05-09,"Não","Sem mérito",1,203
"606",1018,2022-10-24,2022-12-02,"Não","Sem mérito",1,39
"607",1019,2022-10-24,2022-12-07,"Não","Sem mérito",1,44
"608",1020,2022-10-24,2023-04-03,"Não","Sem mérito",1,161
"609",1021,2022-10-26,2024-12-18,"Sim","Sem mérito",1,784
"610",1023,2022-10-27,2024-05-21,"Não","Sem mérito",1,572
"611",1024,2022-11-03,2023-02-02,"Não","Sem mérito",1,91
"612",1030,2022-11-16,2024-06-27,"Sim","Procedente em parte",1,589
"613",1031,2022-11-18,2024-10-24,"Não","Procedente",1,706
"614",1034,2022-12-06,2023-05-15,"Não","Sem mérito",1,160
"615",1035,2022-12-09,2023-03-24,"Não","Sem mérito",1,105
"616",1036,2022-12-12,2025-03-21,"Não","Procedente",1,830
"617",1037,2022-12-19,2024-08-30,"Sim","Procedente em parte",1,620
"618",1039,2022-12-28,2023-05-02,"Não","Procedente",1,125
"619",1041,2023-01-09,2023-05-26,"Sim","Sem mérito",1,137
"620",1042,2023-01-18,2025-05-07,"Não","Sem mérito",1,840
"621",1043,2023-01-19,2024-03-25,"Não","Procedente",1,431
"622",1044,2023-02-13,2023-05-18,"Não","Prejudicado",1,94
"623",1045,2023-02-14,2024-06-29,"Não","Sem mérito",1,501
"624",1048,2023-03-01,2023-04-04,"Não","Sem mérito",1,34
"625",1049,2023-03-15,2023-04-17,"Não","Sem mérito",1,33
"626",1052,2023-04-03,2023-06-16,"Não","Sem mérito",1,74
"627",1056,2023-04-10,2023-12-18,"Não","Improcedente",1,252
"628",1061,2023-04-27,2024-02-22,"Não","Sem mérito",1,301
"629",1062,2023-05-05,2023-06-06,"Não","Sem mérito",1,32
"630",1063,2023-05-11,2024-02-14,"Não","Procedente",1,279
"631",1064,2023-05-15,2024-10-16,"Sim","Procedente em parte",1,520
"632",1065,2023-05-19,2023-09-13,"Não","Sem mérito",1,117
"633",1066,2023-05-22,2025-05-26,"Não","Procedente",1,735
"634",1067,2023-05-24,2024-02-22,"Não","Sem mérito",1,274
"635",1069,2023-06-01,2025-02-25,"Não","Sem mérito",1,635
"636",1070,2023-06-06,2024-04-24,"Não","Sem mérito",1,323
"637",1071,2023-06-07,2024-09-10,"Sim","Sem mérito",1,461
"638",1072,2023-06-09,2024-05-22,"Não","Sem mérito",1,348
"639",1073,2023-06-13,2024-03-08,"Não","Improcedente",1,269
"640",1074,2023-06-15,2023-08-23,"Não","Sem mérito",1,69
"641",1078,2023-07-04,2024-08-09,"Sim","Improcedente",1,402
"642",1080,2023-07-07,2023-09-28,"Não","Sem mérito",1,83
"643",1082,2023-07-14,2024-04-15,"Sim","Procedente",1,276
"644",1084,2023-08-28,2023-10-30,"Não","Sem mérito",1,63
"645",1085,2023-09-03,2024-03-26,"Não","Prejudicado",1,205
"646",1086,2023-09-19,2024-04-09,"Sim","Procedente",1,203
"647",1088,2023-09-22,2024-03-15,"Não","Procedente",1,175
"648",1089,2023-09-29,2024-10-25,"Não","Improcedente",1,392
"649",1091,2023-10-11,2024-04-26,"Não","Procedente",1,198
"650",1093,2023-10-27,2025-02-14,"Sim","Sem mérito",1,476
"651",1094,2023-11-13,2024-06-10,"Não","Prejudicado",1,210
"652",1096,2023-11-16,2024-08-19,"Não","Procedente",1,277
"653",1098,2023-11-20,2024-04-16,"Não","Sem mérito",1,148
"654",1099,2023-11-24,2025-05-07,"Não","Procedente em parte",1,530
"655",1107,2023-12-14,2024-09-03,"Não","Procedente",1,264
"656",1109,2023-12-18,2024-03-22,"Não","Sem mérito",1,95
"657",1112,2023-12-19,2024-04-10,"Não","Sem mérito",1,113
"658",1113,2023-12-19,2024-05-22,"Não","Procedente",1,155
"659",1114,2023-12-27,2024-08-23,"Não","Sem mérito",1,240
"660",1120,2024-01-16,2024-03-07,"Não","Sem mérito",1,51
"661",1121,2024-01-16,2024-04-17,"Não","Sem mérito",1,92
"662",1124,2024-02-19,2024-04-18,"Não","Sem mérito",1,59
"663",1125,2024-02-22,2024-12-09,"Não","Sem mérito",1,291
"664",1127,2024-02-26,2024-12-11,"Sim","Sem mérito",1,289
"665",1129,2024-02-28,2024-03-26,"Não","Sem mérito",1,27
"666",1131,2024-03-04,2024-04-09,"Não","Sem mérito",1,36
"667",1133,2024-03-05,2024-10-17,"Não","Sem mérito",1,226
"668",1134,2024-03-13,2025-03-05,"Não","Sem mérito",1,357
"669",1135,2024-03-18,2024-08-30,"Não","Sem mérito",1,165
"670",1136,2024-03-26,2024-09-04,"Não","Procedente",1,162
"671",1139,2024-04-04,2024-05-28,"Não","Sem mérito",1,54
"672",1140,2024-04-05,2025-02-25,"Sim","Sem mérito",1,326
"673",1142,2024-04-12,2024-05-13,"Não","Sem mérito",1,31
"674",1145,2024-04-22,2025-02-05,"Não","Procedente",1,289
"675",1146,2024-04-25,2024-06-18,"Não","Sem mérito",1,54
"676",1151,2024-05-14,2025-02-04,"Sim","Procedente",1,266
"677",1152,2024-05-14,2025-03-14,"Não","Procedente",1,304
"678",1156,2024-05-14,2025-02-26,"Não","Sem mérito",1,288
"679",1158,2024-05-14,2025-05-19,"Não","Procedente em parte",1,370
"680",1160,2024-05-14,2025-02-04,"Sim","Procedente",1,266
"681",1161,2024-05-14,2025-02-04,"Não","Procedente",1,266
"682",1162,2024-05-14,2025-05-19,"Não","Procedente em parte",1,370
"683",1164,2024-05-14,2025-05-19,"Não","Procedente",1,370
"684",1165,2024-05-14,2025-02-21,"Não","Procedente",1,283
"685",1166,2024-05-14,2024-11-28,"Sim","Procedente",1,198
"686",1177,2024-06-11,2024-08-20,"Não","Sem mérito",1,70
"687",1190,2024-09-03,2024-11-21,"Não","Prejudicado",1,79
"688",1195,2024-11-08,2025-02-21,"Não","Sem mérito",1,105
"689",1198,2024-12-03,2025-03-27,"Não","Sem mérito",1,114
"690",1202,2024-12-23,2025-02-25,"Não","Improcedente",1,64
"691",1203,2024-12-30,2025-02-25,"Não","Sem mérito",1,57
