"","numero","data_autuacao","data_baixa","tem_rito_art_12","em_tramitacao","resultado"
"1",316,2014-01-22,2025-05-27,"Não","Não","Prejudicado"
"2",317,2014-02-10,2016-06-21,"Não","Não","Sem mérito"
"3",318,2014-02-24,2014-10-23,"Não","Não","Sem mérito"
"4",319,2014-04-03,2015-02-18,"Não","Não","Sem mérito"
"5",320,2014-05-15,NA,"Não","Sim","Sem julgamento"
"6",321,2014-05-25,NA,"Não","Sim","Sem julgamento"
"7",322,2014-05-30,NA,"Não","Sim","Sem julgamento"
"8",323,2014-06-27,2022-09-26,"Sim","Não","Procedente"
"9",324,2014-08-25,2021-10-01,"Sim","Não","Procedente"
"10",325,2014-08-27,2022-05-06,"Não","Não","Procedente em parte"
"11",326,2014-09-09,2016-03-07,"Não","Não","Prejudicado"
"12",327,2014-09-16,2014-11-06,"Não","Não","Sem mérito"
"13",328,2014-10-03,2021-08-12,"Não","Não","Procedente"
"14",329,2014-12-02,2015-02-18,"Não","Não","Sem mérito"
"15",330,2015-01-16,2020-04-06,"Não","Não","Sem mérito"
"16",332,2015-02-20,2019-08-30,"Não","Não","Sem mérito"
"17",333,2015-02-26,2015-06-09,"Não","Não","Sem mérito"
"18",334,2015-03-09,2023-06-05,"Não","Não","Procedente"
"19",335,2015-03-13,2021-09-27,"Sim","Não","Procedente"
"20",336,2015-03-17,2021-05-19,"Não","Não","Improcedente"
"21",337,2015-03-23,2019-08-09,"Não","Não","Procedente"
"22",338,2015-03-23,NA,"Não","Sim","Sem julgamento"
"23",339,2015-03-26,2016-08-16,"Não","Não","Procedente"
"24",340,2015-04-08,2019-06-07,"Não","Não","Sem mérito"
"25",341,2015-04-09,2023-03-10,"Não","Não","Procedente em parte"
"26",342,2015-04-16,NA,"Não","Sim","Sem julgamento"
"27",343,2015-05-07,2016-11-24,"Não","Não","Sem mérito"
"28",344,2015-05-07,2020-09-23,"Não","Não","Sem mérito"
"29",345,2015-05-16,2015-06-16,"Não","Não","Sem mérito"
"30",346,2015-05-22,2015-08-13,"Não","Não","Sem mérito"
"31",347,2015-05-27,NA,"Não","Sim","Sem julgamento"
"32",348,2015-06-01,NA,"Não","Sim","Sem julgamento"
"33",349,2015-06-01,2020-09-21,"Não","Não","Sem mérito"
"34",350,2015-06-16,2016-12-15,"Não","Não","Sem mérito"
"35",351,2015-06-17,NA,"Não","Sim","Sem julgamento"
"36",352,2015-06-17,2015-08-12,"Não","Não","Sem mérito"
"37",353,2015-06-30,2021-09-27,"Não","Não","Procedente em parte"
"38",354,2015-07-02,2016-10-27,"Não","Não","Sem mérito"
"39",355,2015-07-07,2019-10-21,"Não","Não","Sem mérito"
"40",356,2015-07-27,2018-06-08,"Não","Não","Sem mérito"
"41",357,2015-07-28,2021-10-18,"Sim","Não","Procedente"
"42",358,2015-08-03,2015-10-21,"Não","Não","Sem mérito"
"43",359,2015-08-05,2015-10-22,"Não","Não","Sem mérito"
"44",360,2015-08-06,2019-11-04,"Não","Não","Sem mérito"
"45",361,2015-08-10,2019-10-09,"Não","Não","Sem mérito"
"46",362,2015-08-13,2024-05-02,"Não","Não","Procedente em parte"
"47",363,2015-08-18,2015-09-10,"Não","Não","Sem mérito"
"48",364,2015-08-21,2019-10-16,"Não","Não","Improcedente"
"49",365,2015-08-24,2018-08-24,"Sim","Não","Sem mérito"
"50",366,2015-08-31,2025-03-14,"Sim","Não","Improcedente"
"51",367,2015-09-01,2021-03-11,"Não","Não","Improcedente"
"52",368,2015-09-02,2021-09-24,"Não","Não","Procedente"
"53",369,2015-09-18,2020-10-28,"Não","Não","Sem mérito"
"54",370,2015-09-21,2020-10-20,"Não","Não","Procedente"
"55",371,2015-10-07,2016-02-16,"Não","Não","Sem mérito"
"56",372,2015-10-28,2017-04-17,"Não","Não","Prejudicado"
"57",375,2015-11-04,2019-04-22,"Não","Não","Sem mérito"
"58",376,2015-11-19,2020-05-22,"Não","Não","Sem mérito"
"59",377,2015-11-23,2017-09-04,"Não","Não","Sem mérito"
"60",378,2015-12-03,2016-08-25,"Não","Não","Procedente em parte"
"61",379,2015-12-05,NA,"Não","Sim","Sem julgamento"
"62",380,2016-01-15,2020-06-19,"Não","Não","Prejudicado"
"63",381,2016-01-19,2023-05-09,"Não","Não","Improcedente"
"64",382,2016-01-28,2016-03-10,"Não","Não","Sem mérito"
"65",383,2016-01-28,2016-03-10,"Não","Não","Sem mérito"
"66",384,2016-02-01,2020-10-20,"Não","Não","Procedente"
"67",385,2016-02-15,2017-11-22,"Não","Não","Sem mérito"
"68",386,2016-02-22,2020-11-10,"Sim","Não","Sem mérito"
"69",387,2016-03-01,2017-12-07,"Não","Não","Procedente"
"70",388,2016-03-03,2016-08-25,"Não","Não","Procedente em parte"
"71",389,2016-03-10,2020-11-02,"Não","Não","Procedente"
"72",390,2016-03-17,2017-09-18,"Não","Não","Sem mérito"
"73",391,2016-03-17,2017-10-09,"Não","Não","Sem mérito"
"74",392,2016-03-30,2017-02-23,"Não","Não","Sem mérito"
"75",393,2016-04-08,2017-05-10,"Não","Não","Sem mérito"
"76",394,2016-04-11,2017-03-16,"Não","Não","Sem mérito"
"77",395,2016-04-11,2019-10-23,"Sim","Não","Procedente"
"78",396,2016-04-14,2020-03-19,"Não","Não","Sem mérito"
"79",397,2016-04-14,2016-05-23,"Não","Não","Sem mérito"
"80",398,2016-04-15,2022-08-31,"Sim","Não","Sem mérito"
"81",399,2016-05-02,2020-06-09,"Não","Não","Sem mérito"
"82",400,2016-05-02,NA,"Não","Sim","Sem julgamento"
"83",401,2016-05-02,2023-05-08,"Não","Não","Improcedente"
"84",402,2016-05-03,NA,"Não","Sim","Sem julgamento"
"85",403,2016-05-03,NA,"Não","Sim","Sem julgamento"
"86",404,2016-05-04,2019-10-07,"Não","Não","Sem mérito"
"87",405,2016-05-05,2021-08-16,"Não","Não","Procedente em parte"
"88",406,2016-05-06,2017-02-21,"Não","Não","Sem mérito"
"89",407,2016-05-09,2016-06-08,"Não","Não","Sem mérito"
"90",408,2016-05-13,2017-11-17,"Não","Não","Sem mérito"
"91",409,2016-05-23,2016-09-28,"Não","Não","Sem mérito"
"92",410,2016-05-24,2016-06-24,"Não","Não","Sem mérito"
"93",411,2016-05-24,2021-08-18,"Não","Não","Sem mérito"
"94",412,2016-06-08,2020-03-10,"Não","Não","Sem mérito"
"95",413,2016-06-16,2018-08-14,"Não","Não","Procedente"
"96",414,2016-07-08,2017-03-30,"Não","Não","Sem mérito"
"97",415,2016-07-14,2018-10-01,"Não","Não","Sem mérito"
"98",416,2016-07-19,2017-11-24,"Não","Não","Prejudicado"
"99",417,2016-07-27,2017-08-22,"Não","Não","Sem mérito"
"100",418,2016-07-27,2020-05-15,"Não","Não","Improcedente"
"101",419,2016-08-05,2021-09-01,"Não","Não","Improcedente"
"102",420,2016-08-05,NA,"Não","Sim","Sem julgamento"
"103",421,2016-08-24,2017-06-16,"Não","Não","Sem mérito"
"104",422,2016-09-13,NA,"Não","Sim","Sem julgamento"
"105",423,2016-10-04,2020-07-09,"Sim","Não","Sem mérito"
"106",424,2016-10-26,NA,"Não","Sim","Sem julgamento"
"107",425,2016-10-31,2018-11-16,"Não","Não","Prejudicado"
"108",426,2016-11-03,2021-11-26,"Não","Não","Sem mérito"
"109",427,2016-11-04,2022-12-01,"Não","Não","Sem mérito"
"110",428,2016-11-07,2017-05-26,"Não","Não","Sem mérito"
"111",429,2016-11-09,NA,"Não","Sim","Sem julgamento"
"112",430,2016-11-11,2023-05-19,"Não","Não","Sem mérito"
"113",431,2016-11-11,2017-03-21,"Não","Não","Sem mérito"
"114",432,2016-11-11,2017-02-13,"Não","Não","Sem mérito"
"115",433,2016-11-17,NA,"Não","Sim","Sem julgamento"
"116",434,2016-11-18,NA,"Não","Sim","Sem julgamento"
"117",435,2016-11-23,2018-10-02,"Não","Não","Sem mérito"
"118",436,2016-11-30,2017-02-24,"Não","Não","Sem mérito"
"119",437,2016-12-20,2020-10-26,"Não","Não","Procedente"
"120",438,2016-12-20,2020-02-07,"Não","Não","Sem mérito"
"121",439,2017-01-02,2017-06-13,"Não","Não","Sem mérito"
"122",440,2017-02-15,2020-02-10,"Não","Não","Sem mérito"
"123",441,2017-02-24,2017-08-25,"Não","Não","Sem mérito"
"124",442,2017-03-08,NA,"Não","Sim","Sem julgamento"
"125",443,2017-03-14,2020-05-19,"Não","Não","Sem mérito"
"126",444,2017-03-14,2020-06-18,"Sim","Não","Procedente"
"127",445,2017-03-22,NA,"Não","Sim","Sem julgamento"
"128",446,2017-03-22,2019-11-06,"Não","Não","Procedente em parte"
"129",447,2017-03-29,2017-08-23,"Não","Não","Sem mérito"
"130",448,2017-04-05,2020-12-15,"Não","Não","Sem mérito"
"131",449,2017-04-07,2019-11-04,"Não","Não","Procedente"
"132",450,2017-04-18,2019-10-08,"Sim","Não","Sem mérito"
"133",451,2017-04-27,2019-02-21,"Não","Não","Sem mérito"
"134",452,2017-05-03,2020-05-27,"Não","Não","Procedente em parte"
"135",453,2017-05-04,2019-12-13,"Não","Não","Sem mérito"
"136",454,2017-05-08,NA,"Não","Sim","Sem julgamento"
"137",455,2017-05-11,2023-08-14,"Sim","Não","Sem mérito"
"138",456,2017-05-16,2017-08-31,"Não","Não","Sem mérito"
"139",457,2017-05-22,2020-06-16,"Não","Não","Procedente"
"140",458,2017-05-23,2019-11-22,"Não","Não","Sem mérito"
"141",459,2017-05-25,2017-08-03,"Não","Não","Prejudicado"
"142",460,2017-06-06,2020-09-11,"Não","Não","Procedente"
"143",461,2017-06-06,2020-10-08,"Não","Não","Procedente"
"144",462,2017-06-06,2024-08-30,"Não","Não","Procedente"
"145",463,2017-06-07,2019-03-08,"Não","Não","Prejudicado"
"146",464,2017-06-08,2018-11-08,"Não","Não","Sem mérito"
"147",465,2017-06-08,2020-10-01,"Não","Não","Procedente"
"148",466,2017-06-08,NA,"Não","Sim","Sem julgamento"
"149",467,2017-06-08,2020-08-14,"Não","Não","Procedente"
"150",468,2017-06-09,2018-06-27,"Não","Não","Sem mérito"
"151",469,2017-06-20,2017-08-24,"Não","Não","Sem mérito"
"152",470,2017-06-22,2022-09-01,"Não","Não","Sem mérito"
"153",471,2017-06-26,2020-05-26,"Sim","Não","Sem mérito"
"154",472,2017-07-13,2017-11-06,"Não","Não","Sem mérito"
"155",473,2017-07-25,NA,"Não","Sim","Sem julgamento"
"156",474,2017-08-19,2024-09-30,"Não","Não","Procedente em parte"
"157",475,2017-08-19,2023-05-12,"Sim","Não","Improcedente"
"158",476,2017-08-22,2020-03-20,"Não","Não","Prejudicado"
"159",477,2017-08-24,2019-10-29,"Não","Não","Prejudicado"
"160",478,2017-08-29,2018-02-26,"Não","Não","Sem mérito"
"161",479,2017-08-30,2017-11-21,"Não","Não","Sem mérito"
"162",480,2017-09-15,2018-05-04,"Não","Não","Sem mérito"
"163",481,2017-09-15,2018-08-07,"Não","Não","Sem mérito"
"164",482,2017-09-15,2020-04-06,"Não","Não","Procedente"
"165",483,2017-09-21,2019-06-25,"Sim","Não","Sem mérito"
"166",484,2017-09-25,2020-11-19,"Não","Não","Procedente em parte"
"167",485,2017-09-25,2021-02-17,"Não","Não","Procedente"
"168",486,2017-10-06,2023-09-06,"Não","Não","Procedente em parte"
"169",487,2017-10-09,2018-03-23,"Não","Não","Sem mérito"
"170",488,2017-10-11,2024-03-04,"Não","Não","Sem mérito"
"171",489,2017-10-20,2020-04-02,"Não","Não","Prejudicado"
"172",490,2017-10-20,NA,"Sim","Sim","Sem julgamento"
"173",491,2017-10-20,2020-06-08,"Não","Não","Prejudicado"
"174",492,2017-10-23,2021-02-08,"Sim","Não","Procedente"
"175",493,2017-10-23,2021-02-12,"Não","Não","Procedente"
"176",494,2017-10-27,2023-03-24,"Sim","Não","Sem mérito"
"177",495,2017-10-30,2023-05-26,"Sim","Não","Procedente"
"178",496,2017-10-30,2022-11-22,"Sim","Não","Improcedente"
"179",497,2017-11-21,2019-11-04,"Não","Não","Sem mérito"
"180",498,2017-11-23,2020-06-01,"Não","Não","Sem mérito"
"181",499,2017-11-23,2023-08-09,"Sim","Não","Procedente"
"182",500,2017-11-28,2022-05-11,"Não","Não","Sem mérito"
"183",501,2017-11-30,2022-09-20,"Não","Não","Procedente"
"184",502,2017-12-18,2018-03-19,"Não","Não","Sem mérito"
"185",503,2017-12-13,2019-11-05,"Não","Não","Sem mérito"
"186",504,2017-12-14,2020-12-09,"Não","Não","Procedente"
"187",505,2017-12-21,2018-08-26,"Não","Não","Prejudicado"
"188",506,2017-12-21,2018-04-13,"Não","Não","Sem mérito"
"189",507,2018-01-08,2018-04-13,"Não","Não","Sem mérito"
"190",508,2018-01-19,2020-08-11,"Não","Não","Sem mérito"
"191",509,2018-01-26,NA,"Não","Sim","Sem julgamento"
"192",510,2018-02-06,2018-08-09,"Não","Não","Sem mérito"
"193",511,2018-02-21,2024-04-11,"Sim","Não","Sem mérito"
"194",512,2018-02-23,2024-02-09,"Não","Não","Procedente"
"195",513,2018-03-02,2021-02-17,"Não","Não","Procedente"
"196",514,2018-04-20,2019-10-02,"Não","Não","Procedente"
"197",515,2018-05-02,2020-12-09,"Não","Não","Prejudicado"
"198",516,2018-05-10,2019-09-23,"Não","Não","Procedente"
"199",517,2018-05-16,2019-10-09,"Não","Não","Sem mérito"
"200",518,2018-05-16,2023-04-28,"Sim","Não","Sem mérito"
"201",519,2018-05-25,NA,"Não","Sim","Sem julgamento"
"202",520,2018-06-07,2018-08-24,"Não","Não","Sem mérito"
"203",521,2018-06-11,2018-09-28,"Não","Não","Sem mérito"
"204",522,2018-06-12,NA,"Não","Sim","Sem julgamento"
"205",523,2018-06-12,2021-03-11,"Não","Não","Improcedente"
"206",524,2018-06-15,2023-09-19,"Não","Não","Procedente"
"207",525,2018-06-19,2019-03-28,"Não","Não","Sem mérito"
"208",526,2018-06-25,2020-06-23,"Sim","Não","Procedente"
"209",527,2018-06-25,2023-11-28,"Não","Não","Sem mérito"
"210",528,2018-06-26,2022-08-08,"Não","Não","Improcedente"
"211",529,2018-06-26,2020-04-29,"Sim","Não","Sem mérito"
"212",530,2018-06-27,2020-12-21,"Não","Não","Procedente"
"213",531,2018-06-28,2018-09-05,"Não","Não","Sem mérito"
"214",532,2018-07-13,2018-08-31,"Não","Não","Prejudicado"
"215",533,2018-07-23,2022-12-13,"Não","Não","Sem mérito"
"216",534,2018-07-25,2020-09-28,"Não","Não","Sem mérito"
"217",535,2018-07-30,2021-08-25,"Não","Não","Sem mérito"
"218",536,2018-08-03,2018-11-09,"Não","Não","Sem mérito"
"219",537,2018-08-16,2018-09-27,"Não","Não","Sem mérito"
"220",538,2018-08-30,2019-08-30,"Não","Não","Prejudicado"
"221",539,2018-09-10,2021-03-16,"Sim","Não","Procedente em parte"
"222",540,2018-09-12,2019-04-05,"Não","Não","Sem mérito"
"223",541,2018-09-19,2019-06-04,"Não","Não","Improcedente"
"224",542,2018-09-25,2020-11-13,"Não","Não","Procedente"
"225",543,2018-09-27,2019-03-13,"Não","Não","Sem mérito"
"226",544,2018-10-09,2022-06-27,"Não","Não","Sem mérito"
"227",545,2018-10-11,2019-04-08,"Não","Não","Sem mérito"
"228",546,2018-10-17,2023-02-27,"Sim","Não","Sem mérito"
"229",547,2018-10-17,2021-06-30,"Não","Não","Procedente"
"230",548,2018-10-26,2020-06-24,"Não","Não","Procedente"
"231",549,2018-10-30,2020-10-05,"Não","Não","Sem mérito"
"232",550,2018-11-09,2024-03-20,"Sim","Não","Sem mérito"
"233",551,2018-11-19,2019-03-05,"Não","Não","Sem mérito"
"234",552,2018-11-20,2019-09-09,"Não","Não","Sem mérito"
"235",553,2018-11-20,2019-05-31,"Não","Não","Sem mérito"
"236",554,2018-11-21,2020-06-10,"Sim","Não","Sem mérito"
"237",555,2018-11-23,2020-05-27,"Não","Não","Sem mérito"
"238",556,2018-11-28,2020-08-28,"Não","Não","Procedente em parte"
"239",557,2018-12-04,NA,"Não","Sim","Sem julgamento"
"240",558,2018-12-11,2019-02-21,"Não","Não","Sem mérito"
"241",559,2018-12-12,2022-08-12,"Não","Não","Sem mérito"
"242",560,2018-12-14,2020-03-09,"Não","Não","Sem mérito"
"243",561,2019-01-02,2020-11-26,"Não","Não","Sem mérito"
"244",562,2019-01-14,2019-08-09,"Não","Não","Sem mérito"
"245",563,2019-01-14,2021-03-30,"Não","Não","Sem mérito"
"246",564,2019-01-21,NA,"Não","Sim","Sem julgamento"
"247",565,2019-02-25,2019-08-13,"Não","Não","Sem mérito"
"248",566,2019-02-26,2019-09-23,"Não","Não","Sem mérito"
"249",567,2019-02-28,2021-04-12,"Não","Não","Improcedente"
"250",568,2019-03-12,2019-10-14,"Não","Não","Sem mérito"
"251",569,2019-03-13,2024-06-17,"Não","Não","Procedente em parte"
"252",570,2019-03-14,2019-09-30,"Não","Não","Sem mérito"
"253",571,2019-03-19,2021-10-13,"Não","Não","Sem mérito"
"254",572,2019-03-25,2020-11-26,"Não","Não","Improcedente"
"255",573,2019-03-25,2023-05-04,"Não","Não","Procedente em parte"
"256",574,2019-03-28,2021-05-10,"Não","Não","Sem mérito"
"257",575,2019-04-02,2019-05-31,"Não","Não","Sem mérito"
"258",576,2019-04-11,2019-06-13,"Não","Não","Sem mérito"
"259",577,2019-04-12,2019-11-05,"Não","Não","Sem mérito"
"260",578,2019-04-12,NA,"Sim","Sim","Sem julgamento"
"261",579,2019-04-24,2021-02-03,"Não","Não","Sem mérito"
"262",580,2019-05-04,2019-08-06,"Não","Não","Sem mérito"
"263",581,2019-05-08,2024-02-16,"Não","Não","Procedente em parte"
"264",582,2019-05-14,2020-10-13,"Sim","Não","Prejudicado"
"265",583,2019-05-15,2020-10-15,"Sim","Não","Prejudicado"
"266",584,2019-05-17,2020-03-27,"Não","Não","Procedente"
"267",585,2019-05-21,2022-05-06,"Não","Não","Sem mérito"
"268",586,2019-05-23,2024-02-16,"Não","Não","Procedente em parte"
"269",587,2019-05-27,2020-10-06,"Não","Não","Sem mérito"
"270",588,2019-05-28,2022-03-28,"Não","Não","Procedente"
"271",589,2019-05-28,2019-08-07,"Não","Não","Sem mérito"
"272",590,2019-06-12,2020-10-06,"Sim","Não","Procedente"
"273",591,2019-06-12,2024-11-05,"Não","Não","Improcedente"
"274",592,2019-06-14,2024-02-23,"Não","Não","Sem mérito"
"275",593,2019-06-18,2025-02-14,"Não","Não","Procedente em parte"
"276",594,2019-06-18,2023-02-06,"Não","Não","Prejudicado"
"277",595,2019-06-19,2020-10-22,"Não","Não","Prejudicado"
"278",596,2019-06-21,2022-08-17,"Não","Não","Procedente em parte"
"279",597,2019-06-24,2020-09-28,"Não","Não","Procedente em parte"
"280",598,2019-06-27,2021-08-12,"Não","Não","Procedente em parte"
"281",599,2019-06-28,NA,"Não","Sim","Sem julgamento"
"282",600,2019-07-10,2020-10-01,"Não","Não","Procedente"
"283",601,2019-07-11,2023-08-10,"Não","Não","Sem mérito"
"284",602,2019-07-22,2019-09-10,"Não","Não","Sem mérito"
"285",603,2019-07-25,2022-08-22,"Sim","Não","Sem mérito"
"286",604,2019-07-26,2019-08-30,"Não","Não","Sem mérito"
"287",605,2019-07-26,NA,"Não","Sim","Sem julgamento"
"288",606,2019-07-29,NA,"Sim","Sim","Sem julgamento"
"289",607,2019-07-31,2022-06-09,"Sim","Não","Procedente"
"290",608,2019-08-02,2019-09-12,"Não","Não","Sem mérito"
"291",609,2019-08-06,2020-05-27,"Não","Não","Sem mérito"
"292",610,2019-08-13,2022-11-09,"Sim","Não","Prejudicado"
"293",611,2019-08-15,2019-09-13,"Não","Não","Sem mérito"
"294",612,2019-08-19,2020-10-09,"Não","Não","Sem mérito"
"295",613,2019-08-19,2020-09-01,"Não","Não","Sem mérito"
"296",614,2019-08-27,2021-04-29,"Sim","Não","Prejudicado"
"297",615,2019-08-28,NA,"Não","Sim","Sem julgamento"
"298",616,2019-09-02,2022-11-29,"Não","Não","Procedente em parte"
"299",617,2019-09-09,2020-02-12,"Não","Não","Sem mérito"
"300",618,2019-09-09,NA,"Sim","Sim","Sem julgamento"
"301",619,2019-09-12,2022-09-17,"Não","Não","Sem mérito"
"302",620,2019-09-13,2021-03-23,"Não","Não","Procedente"
"303",621,2019-09-16,2020-06-16,"Não","Não","Sem mérito"
"304",622,2019-09-16,2021-06-07,"Não","Não","Procedente em parte"
"305",623,2019-09-16,2023-08-09,"Não","Não","Procedente"
"306",624,2019-09-17,2020-10-23,"Não","Não","Sem mérito"
"307",625,2019-10-04,2020-02-13,"Não","Não","Sem mérito"
"308",626,2019-10-07,NA,"Não","Sim","Sem julgamento"
"309",627,2019-10-15,2020-11-05,"Não","Não","Sem mérito"
"310",628,2019-10-16,2020-04-22,"Não","Não","Prejudicado"
"311",629,2019-10-18,2020-02-21,"Não","Não","Sem mérito"
"312",630,2019-10-23,2021-05-28,"Sim","Não","Sem mérito"
"313",631,2019-10-30,2019-12-05,"Não","Não","Sem mérito"
"314",632,2019-11-12,2020-03-03,"Não","Não","Sem mérito"
"315",633,2019-11-18,2020-04-06,"Não","Não","Sem mérito"
"316",634,2019-11-19,2023-04-24,"Não","Não","Procedente"
"317",635,2019-11-20,NA,"Não","Sim","Sem julgamento"
"318",636,2019-11-26,2020-02-14,"Não","Não","Sem mérito"
"319",637,2019-12-12,NA,"Não","Sim","Sem julgamento"
"320",638,2019-12-13,2022-03-24,"Não","Não","Prejudicado"
"321",639,2019-12-17,2021-08-23,"Não","Não","Sem mérito"
"322",640,2019-12-18,2023-10-30,"Não","Não","Procedente"
"323",641,2019-12-19,2020-10-21,"Não","Não","Sem mérito"
"324",642,2019-12-20,NA,"Não","Sim","Sem julgamento"
"325",643,2020-01-06,2024-03-11,"Não","Não","Improcedente"
"326",644,2020-01-08,2024-03-11,"Não","Não","Improcedente"
"327",645,2020-01-13,2020-04-30,"Não","Não","Sem mérito"
"328",646,2020-01-24,2022-08-16,"Não","Não","Sem mérito"
"329",647,2020-01-23,2022-03-15,"Sim","Não","Sem mérito"
"330",648,2020-02-03,2021-10-04,"Sim","Não","Sem mérito"
"331",649,2020-02-05,2022-03-29,"Não","Não","Sem mérito"
"332",650,2020-02-06,2021-02-12,"Não","Não","Sem mérito"
"333",651,2020-02-10,2022-11-09,"Não","Não","Procedente"
"334",652,2020-02-10,2020-03-25,"Não","Não","Sem mérito"
"335",653,2020-02-14,2020-05-04,"Não","Não","Sem mérito"
"336",654,2020-02-20,2020-05-15,"Não","Não","Sem mérito"
"337",655,2020-03-03,2020-11-25,"Não","Não","Sem mérito"
"338",656,2020-03-03,2022-05-25,"Não","Não","Sem mérito"
"339",657,2020-03-08,NA,"Não","Sim","Sem julgamento"
"340",658,2020-03-09,2022-05-25,"Não","Não","Sem mérito"
"341",659,2020-03-23,2022-05-17,"Não","Não","Prejudicado"
"342",660,2020-03-23,2020-04-30,"Não","Não","Sem mérito"
"343",661,2020-03-23,2021-09-28,"Não","Não","Procedente em parte"
"344",662,2020-03-24,2022-06-21,"Não","Não","Sem mérito"
"345",663,2020-03-24,2021-09-30,"Não","Não","Procedente em parte"
"346",664,2020-03-26,2021-05-13,"Não","Não","Procedente"
"347",665,2020-03-26,2022-06-27,"Sim","Não","Prejudicado"
"348",666,2020-03-26,2020-06-01,"Não","Não","Sem mérito"
"349",667,2020-03-27,NA,"Não","Sim","Sem julgamento"
"350",668,2020-03-30,2020-06-02,"Não","Não","Sem mérito"
"351",669,2020-03-30,2020-06-03,"Não","Não","Sem mérito"
"352",670,2020-03-30,2024-06-10,"Não","Não","Procedente"
"353",671,2020-03-31,2020-08-20,"Não","Não","Sem mérito"
"354",672,2020-04-01,2020-11-13,"Não","Não","Procedente em parte"
"355",673,2020-04-02,2022-05-02,"Sim","Não","Sem mérito"
"356",674,2020-04-13,2022-04-05,"Não","Não","Prejudicado"
"357",675,2020-04-14,2020-05-15,"Não","Não","Sem mérito"
"358",676,2020-04-20,2020-11-18,"Não","Não","Sem mérito"
"359",677,2020-04-22,NA,"Não","Sim","Sem julgamento"
"360",678,2020-04-28,2020-05-26,"Não","Não","Sem mérito"
"361",679,2020-05-04,2020-06-01,"Não","Não","Sem mérito"
"362",680,2020-05-06,2025-03-25,"Não","Não","Sem mérito"
"363",681,2020-05-07,2022-04-01,"Não","Não","Prejudicado"
"364",682,2020-05-08,2020-06-16,"Não","Não","Sem mérito"
"365",683,2020-05-11,2022-03-30,"Não","Não","Prejudicado"
"366",684,2020-05-13,2024-03-18,"Não","Não","Sem mérito"
"367",685,2020-05-27,2021-04-14,"Não","Não","Sem mérito"
"368",686,2020-05-27,2021-11-11,"Não","Não","Sem mérito"
"369",687,2020-05-27,2020-08-17,"Não","Não","Sem mérito"
"370",688,2020-06-03,2021-02-03,"Não","Não","Sem mérito"
"371",689,2020-06-08,2020-08-23,"Não","Não","Sem mérito"
"372",690,2020-06-08,2021-04-28,"Não","Não","Procedente em parte"
"373",691,2020-06-09,2021-04-28,"Não","Não","Procedente em parte"
"374",692,2020-06-09,2021-04-28,"Não","Não","Procedente em parte"
"375",693,2020-06-12,2022-03-28,"Sim","Não","Sem mérito"
"376",694,2020-06-16,2021-10-19,"Não","Não","Sem mérito"
"377",695,2020-06-16,2023-06-30,"Não","Não","Procedente em parte"
"378",696,2020-06-16,2021-08-06,"Não","Não","Sem mérito"
"379",697,2020-06-18,2021-08-25,"Não","Não","Sem mérito"
"380",698,2020-06-19,2020-08-21,"Não","Não","Prejudicado"
"381",699,2020-06-19,2020-08-24,"Não","Não","Prejudicado"
"382",700,2020-06-19,2020-08-21,"Não","Não","Prejudicado"
"383",701,2020-06-22,2022-11-23,"Não","Não","Prejudicado"
"384",702,2020-06-22,2022-11-23,"Não","Não","Prejudicado"
"385",703,2020-06-22,2021-03-11,"Não","Não","Sem mérito"
"386",704,2020-06-23,2021-09-22,"Sim","Não","Sem mérito"
"387",705,2020-06-24,2021-08-20,"Não","Não","Sem mérito"
"388",706,2020-06-30,2022-04-06,"Não","Não","Procedente"
"389",707,2020-06-30,2023-03-10,"Não","Não","Prejudicado"
"390",708,2020-06-30,2023-06-19,"Não","Não","Procedente"
"391",709,2020-07-01,NA,"Não","Sim","Sem julgamento"
"392",710,2020-07-01,2021-08-18,"Não","Não","Sem mérito"
"393",711,2020-07-02,2020-12-15,"Não","Não","Sem mérito"
"394",712,2020-07-02,2023-08-10,"Não","Não","Sem mérito"
"395",713,2020-07-07,2022-04-06,"Não","Não","Procedente"
"396",714,2020-07-06,2021-12-13,"Não","Não","Procedente em parte"
"397",715,2020-07-07,2021-03-08,"Sim","Não","Procedente em parte"
"398",716,2020-07-07,NA,"Não","Sim","Sem julgamento"
"399",717,2020-07-09,2022-11-17,"Sim","Não","Sem mérito"
"400",718,2020-07-09,2021-03-05,"Não","Não","Procedente em parte"
"401",719,2020-07-09,2021-09-22,"Não","Não","Sem mérito"
"402",720,2020-07-15,2021-08-27,"Não","Não","Sem mérito"
"403",721,2020-07-17,2021-09-22,"Não","Não","Sem mérito"
"404",722,2020-07-27,2022-06-20,"Não","Não","Procedente"
"405",723,2020-08-05,2021-04-27,"Sim","Não","Sem mérito"
"406",724,2020-08-12,2020-12-09,"Não","Não","Sem mérito"
"407",725,2020-08-20,2020-12-07,"Não","Não","Sem mérito"
"408",726,2020-08-21,2021-08-25,"Não","Não","Sem mérito"
"409",727,2020-08-24,2023-09-19,"Sim","Não","Sem mérito"
"410",728,2020-08-25,2021-05-04,"Não","Não","Sem mérito"
"411",729,2020-08-25,2020-12-09,"Não","Não","Sem mérito"
"412",730,2020-08-25,2023-09-25,"Não","Não","Sem mérito"
"413",731,2020-08-25,2021-04-14,"Sim","Não","Procedente"
"414",732,2020-08-25,2021-05-27,"Não","Não","Procedente"
"415",733,2020-08-26,2020-09-25,"Não","Não","Sem mérito"
"416",734,2020-08-28,2023-05-15,"Sim","Não","Improcedente"
"417",735,2020-09-01,2023-02-15,"Não","Não","Prejudicado"
"418",736,2020-09-03,2020-10-05,"Não","Não","Sem mérito"
"419",737,2020-09-03,2021-09-27,"Sim","Não","Sem mérito"
"420",738,2020-09-03,2021-08-05,"Não","Não","Prejudicado"
"421",739,2020-09-08,2021-02-10,"Não","Não","Sem mérito"
"422",740,2020-09-09,2020-11-19,"Não","Não","Sem mérito"
"423",741,2020-09-10,2020-10-20,"Não","Não","Sem mérito"
"424",742,2020-09-10,NA,"Não","Sim","Sem julgamento"
"425",743,2020-09-18,2024-06-19,"Não","Sim","Sem julgamento"
"426",744,2020-09-18,2023-03-01,"Não","Não","Prejudicado"
"427",745,2020-09-18,2023-12-18,"Não","Não","Improcedente"
"428",746,2020-09-25,2024-06-19,"Não","Sim","Sem julgamento"
"429",747,2020-09-30,2022-02-09,"Não","Não","Procedente"
"430",748,2020-10-01,2022-08-16,"Não","Não","Procedente em parte"
"431",749,2020-10-02,2022-02-09,"Não","Não","Procedente em parte"
"432",750,2020-10-06,2021-12-15,"Não","Não","Sem mérito"
"433",751,2020-10-06,2023-03-01,"Não","Não","Sem mérito"
"434",752,2020-10-08,2021-02-09,"Sim","Não","Sem mérito"
"435",753,2020-10-16,2021-05-18,"Não","Não","Sem mérito"
"436",754,2020-10-22,2023-09-26,"Não","Não","Sem mérito"
"437",755,2020-10-22,2024-02-23,"Não","Não","Sem mérito"
"438",756,2020-10-23,2023-09-19,"Não","Não","Sem mérito"
"439",757,2020-10-28,2021-04-27,"Não","Não","Sem mérito"
"440",758,2020-11-04,NA,"Não","Sim","Sem julgamento"
"441",759,2020-11-06,NA,"Não","Sim","Sem julgamento"
"442",760,2020-11-12,2024-08-05,"Não","Sim","Sem julgamento"
"443",761,2020-11-12,2023-03-07,"Não","Não","Prejudicado"
"444",762,2020-11-12,NA,"Não","Sim","Sem julgamento"
"445",763,2020-11-13,2022-11-28,"Não","Não","Improcedente"
"446",764,2020-11-25,2021-10-08,"Não","Não","Procedente"
"447",765,2020-11-26,NA,"Não","Sim","Sem julgamento"
"448",766,2020-11-27,NA,"Não","Sim","Sem julgamento"
"449",767,2020-11-27,2023-03-10,"Sim","Não","Sem mérito"
"450",768,2020-12-07,2021-02-24,"Não","Não","Sem mérito"
"451",769,2020-12-09,NA,"Não","Sim","Sem julgamento"
"452",770,2020-12-09,2023-11-28,"Não","Não","Sem mérito"
"453",771,2020-12-11,2021-10-19,"Não","Não","Sem mérito"
"454",772,2020-12-11,2023-08-12,"Sim","Não","Prejudicado"
"455",773,2020-12-14,2021-05-10,"Não","Não","Sem mérito"
"456",774,2020-12-15,NA,"Não","Sim","Sem julgamento"
"457",775,2020-12-15,2024-08-30,"Não","Não","Sem mérito"
"458",776,2020-12-15,2023-08-14,"Não","Não","Sem mérito"
"459",777,2020-12-17,2025-05-14,"Não","Não","Procedente em parte"
"460",778,2021-01-06,2022-03-15,"Não","Não","Sem mérito"
"461",779,2021-01-06,2023-10-30,"Não","Não","Procedente"
"462",780,2021-01-07,2021-03-10,"Não","Não","Sem mérito"
"463",781,2021-01-07,2021-04-01,"Não","Não","Sem mérito"
"464",782,2021-01-08,2021-06-14,"Não","Não","Sem mérito"
"465",783,2021-01-11,2023-05-15,"Não","Não","Procedente"
"466",784,2021-01-21,2021-02-25,"Não","Não","Sem mérito"
"467",785,2021-01-25,2022-04-05,"Não","Não","Prejudicado"
"468",786,2021-01-26,2021-03-15,"Não","Não","Sem mérito"
"469",787,2021-02-01,2025-02-07,"Sim","Não","Procedente"
"470",788,2021-02-03,2023-06-30,"Não","Não","Sem mérito"
"471",789,2021-02-11,2021-09-16,"Não","Não","Procedente"
"472",790,2021-02-11,2025-05-27,"Não","Não","Sem mérito"
"473",791,2021-02-19,2023-02-28,"Não","Não","Prejudicado"
"474",792,2021-02-19,2023-02-28,"Não","Não","Prejudicado"
"475",793,2021-02-23,2022-02-25,"Não","Não","Procedente"
"476",794,2021-02-25,2021-06-24,"Não","Não","Improcedente"
"477",795,2021-03-02,2023-02-22,"Sim","Não","Prejudicado"
"478",796,2021-03-02,2021-05-28,"Não","Não","Sem mérito"
"479",797,2021-03-03,2023-10-17,"Sim","Não","Sem mérito"
"480",798,2021-03-03,2023-02-21,"Não","Não","Sem mérito"
"481",799,2021-03-04,2023-10-17,"Sim","Não","Sem mérito"
"482",800,2021-03-05,NA,"Não","Sim","Sem julgamento"
"483",801,2021-03-12,2022-09-26,"Não","Não","Sem mérito"
"484",802,2021-03-12,2021-08-09,"Sim","Não","Prejudicado"
"485",803,2021-03-12,2021-06-01,"Não","Não","Sem mérito"
"486",804,2021-03-12,2022-09-26,"Não","Não","Sem mérito"
"487",805,2021-03-15,2023-05-30,"Não","Não","Sem mérito"
"488",806,2021-03-16,2021-04-22,"Não","Não","Sem mérito"
"489",807,2021-03-16,2024-09-04,"Sim","Não","Sem mérito"
"490",808,2021-03-17,2024-06-14,"Não","Não","Sem mérito"
"491",809,2021-03-17,NA,"Sim","Sim","Sem julgamento"
"492",810,2021-03-18,2021-04-29,"Não","Não","Sem mérito"
"493",811,2021-03-19,2021-08-06,"Sim","Não","Improcedente"
"494",812,2021-03-19,2022-02-23,"Não","Não","Prejudicado"
"495",813,2021-03-19,2021-08-23,"Não","Não","Sem mérito"
"496",814,2021-03-22,2021-06-15,"Sim","Não","Sem mérito"
"497",815,2021-03-24,2024-01-26,"Não","Não","Sem mérito"
"498",816,2021-03-25,2023-10-17,"Sim","Não","Sem mérito"
"499",817,2021-03-29,NA,"Não","Sim","Sem julgamento"
"500",818,2021-04-05,2023-02-09,"Sim","Não","Sem mérito"
"501",819,2021-04-05,2025-04-07,"Sim","Não","Procedente"
"502",820,2021-04-05,2021-09-30,"Sim","Não","Prejudicado"
"503",821,2021-04-07,2023-10-17,"Não","Não","Sem mérito"
"504",822,2021-04-08,2023-06-07,"Não","Não","Sem mérito"
"505",823,2021-04-08,2022-02-02,"Não","Não","Sem mérito"
"506",824,2021-04-09,2025-03-19,"Não","Não","Improcedente"
"507",825,2021-04-09,2021-12-06,"Não","Não","Improcedente"
"508",826,2021-04-13,NA,"Sim","Sim","Sem julgamento"
"509",827,2021-04-13,2021-08-25,"Não","Não","Sem mérito"
"510",828,2021-04-15,NA,"Não","Sim","Sem julgamento"
"511",829,2021-04-16,2021-06-29,"Não","Não","Sem mérito"
"512",830,2021-04-16,2021-06-14,"Não","Não","Sem mérito"
"513",831,2021-04-22,2025-02-24,"Não","Não","Sem mérito"
"514",832,2021-04-28,2023-05-15,"Não","Não","Improcedente"
"515",833,2021-04-28,2022-09-05,"Sim","Não","Procedente"
"516",834,2021-04-30,2023-04-24,"Não","Não","Sem mérito"
"517",835,2021-05-03,2024-02-02,"Não","Não","Sem mérito"
"518",836,2021-05-03,2021-08-24,"Não","Não","Procedente"
"519",837,2021-05-03,NA,"Não","Sim","Sem julgamento"
"520",838,2021-05-05,2022-08-31,"Não","Não","Sem mérito"
"521",839,2021-05-06,2021-08-23,"Não","Não","Sem mérito"
"522",840,2021-05-06,2021-09-10,"Não","Não","Sem mérito"
"523",841,2021-05-06,2021-10-08,"Sim","Não","Sem mérito"
"524",842,2021-05-06,2023-03-20,"Sim","Não","Sem mérito"
"525",843,2021-05-11,2021-12-10,"Não","Não","Sem mérito"
"526",844,2021-05-18,2022-09-14,"Não","Não","Procedente"
"527",845,2021-05-21,2023-06-15,"Não","Não","Sem mérito"
"528",846,2021-05-21,2021-08-18,"Não","Não","Sem mérito"
"529",847,2021-05-24,NA,"Não","Sim","Sem julgamento"
"530",848,2021-05-31,2022-08-12,"Não","Não","Prejudicado"
"531",849,2021-06-02,2021-10-14,"Não","Não","Sem mérito"
"532",850,2021-06-08,2023-09-15,"Não","Não","Procedente"
"533",851,2021-06-08,2023-05-09,"Não","Não","Procedente"
"534",852,2021-06-14,2023-04-17,"Não","Não","Prejudicado"
"535",853,2021-06-15,2024-09-27,"Não","Não","Procedente"
"536",854,2021-06-15,2023-05-09,"Não","Sim","Sem julgamento"
"537",855,2021-06-16,2023-02-28,"Não","Não","Prejudicado"
"538",856,2021-06-18,2022-09-27,"Sim","Não","Sem mérito"
"539",857,2021-06-22,2024-06-21,"Não","Sim","Sem julgamento"
"540",858,2021-06-22,2023-09-22,"Não","Não","Procedente"
"541",859,2021-06-30,2021-11-04,"Não","Não","Sem mérito"
"542",860,2021-06-30,2023-02-23,"Não","Não","Procedente"
"543",861,2021-06-30,2022-02-22,"Não","Não","Sem mérito"
"544",862,2021-06-30,2025-02-11,"Não","Não","Procedente"
"545",863,2021-07-01,NA,"Não","Sim","Sem julgamento"
"546",864,2021-07-02,2022-03-04,"Não","Não","Sem mérito"
"547",865,2021-07-02,2023-02-02,"Sim","Não","Prejudicado"
"548",866,2021-07-09,2021-08-25,"Não","Não","Sem mérito"
"549",867,2021-07-15,NA,"Não","Sim","Sem julgamento"
"550",868,2021-07-19,2024-09-04,"Sim","Não","Prejudicado"
"551",869,2021-07-21,2022-12-02,"Não","Não","Sem mérito"
"552",870,2021-07-31,NA,"Sim","Sim","Sem julgamento"
"553",871,2021-08-02,2021-12-15,"Não","Não","Procedente em parte"
"554",872,2021-08-02,2023-09-05,"Não","Não","Procedente"
"555",873,2021-08-05,2023-03-10,"Não","Não","Procedente em parte"
"556",874,2021-08-10,2022-03-24,"Não","Não","Sem mérito"
"557",875,2021-08-12,NA,"Não","Sim","Sem julgamento"
"558",876,2021-08-19,NA,"Não","Sim","Sem julgamento"
"559",877,2021-08-20,NA,"Não","Sim","Sem julgamento"
"560",878,2021-08-26,2023-06-15,"Não","Não","Prejudicado"
"561",879,2021-09-01,2023-02-23,"Não","Não","Procedente"
"562",880,2021-09-03,2022-06-24,"Sim","Não","Sem mérito"
"563",881,2021-09-13,NA,"Não","Sim","Sem julgamento"
"564",882,2021-09-20,2022-02-14,"Não","Não","Sem mérito"
"565",883,2021-09-21,2022-02-16,"Não","Não","Sem mérito"
"566",884,2021-09-22,2022-03-25,"Não","Não","Procedente"
"567",885,2021-09-27,2023-08-03,"Sim","Não","Sem mérito"
"568",886,2021-09-27,2022-03-15,"Não","Não","Sem mérito"
"569",887,2021-10-06,2025-01-21,"Não","Não","Improcedente"
"570",888,2021-10-08,2022-02-09,"Não","Não","Sem mérito"
"571",889,2021-10-13,NA,"Não","Sim","Sem julgamento"
"572",890,2021-10-14,2022-03-23,"Não","Não","Procedente"
"573",891,2021-10-18,2022-06-09,"Não","Não","Sem mérito"
"574",892,2021-10-18,2024-10-08,"Não","Não","Prejudicado"
"575",893,2021-10-19,2022-09-16,"Não","Não","Procedente"
"576",894,2021-10-26,2021-11-26,"Não","Não","Sem mérito"
"577",895,2021-10-27,2021-12-14,"Não","Não","Sem mérito"
"578",896,2021-10-28,2023-05-04,"Não","Não","Improcedente"
"579",897,2021-11-03,2023-03-24,"Sim","Não","Sem mérito"
"580",898,2021-11-03,2022-12-19,"Não","Não","Prejudicado"
"581",899,2021-11-03,NA,"Não","Sim","Sem julgamento"
"582",900,2021-11-04,2023-03-10,"Não","Não","Prejudicado"
"583",901,2021-11-04,2022-12-19,"Não","Não","Prejudicado"
"584",902,2021-11-08,2023-04-13,"Sim","Não","Improcedente"
"585",903,2021-11-09,2021-12-17,"Não","Não","Sem mérito"
"586",904,2021-11-09,2022-04-22,"Não","Não","Sem mérito"
"587",905,2021-11-09,2022-12-19,"Não","Não","Prejudicado"
"588",906,2021-11-10,2024-03-19,"Não","Não","Sem mérito"
"589",907,2021-11-11,2022-12-19,"Não","Não","Prejudicado"
"590",908,2021-11-11,2024-03-19,"Não","Não","Sem mérito"
"591",909,2021-11-19,2022-02-07,"Não","Não","Sem mérito"
"592",910,2021-11-23,2023-08-09,"Não","Não","Procedente em parte"
"593",911,2021-11-23,2023-05-30,"Não","Não","Sem mérito"
"594",912,2021-11-23,2022-04-12,"Não","Não","Procedente"
"595",913,2021-11-29,2022-12-02,"Não","Não","Prejudicado"
"596",914,2021-11-30,2022-02-14,"Não","Não","Sem mérito"
"597",915,2021-12-01,2022-09-08,"Não","Não","Procedente"
"598",916,2021-12-02,2022-02-22,"Não","Não","Sem mérito"
"599",917,2021-12-02,2022-12-02,"Não","Não","Prejudicado"
"600",918,2021-12-03,2023-06-15,"Não","Não","Prejudicado"
"601",919,2021-12-03,NA,"Não","Sim","Sem julgamento"
"602",921,2021-12-09,2024-12-10,"Não","Não","Sem mérito"
"603",922,2021-12-13,2023-07-03,"Sim","Não","Sem mérito"
"604",923,2021-12-14,2022-10-27,"Não","Não","Sem mérito"
"605",924,2021-12-16,2024-12-10,"Não","Não","Sem mérito"
"606",925,2021-12-17,NA,"Sim","Sim","Sem julgamento"
"607",926,2021-12-17,2023-05-09,"Não","Não","Procedente"
"608",927,2021-12-17,2022-03-30,"Não","Não","Sem mérito"
"609",928,2021-12-23,NA,"Não","Sim","Sem julgamento"
"610",929,2021-12-29,2022-03-30,"Não","Não","Sem mérito"
"611",930,2021-12-30,2022-08-23,"Sim","Não","Sem mérito"
"612",931,2021-12-30,2022-08-23,"Sim","Não","Sem mérito"
"613",932,2022-01-04,2023-03-24,"Sim","Não","Sem mérito"
"614",933,2022-01-10,2022-03-14,"Não","Não","Sem mérito"
"615",934,2022-01-10,NA,"Não","Sim","Sem julgamento"
"616",935,2022-01-17,NA,"Não","Sim","Sem julgamento"
"617",936,2022-01-19,2024-11-11,"Não","Não","Procedente em parte"
"618",937,2022-01-21,NA,"Não","Sim","Sem julgamento"
"619",938,2022-02-01,2023-06-26,"Não","Não","Prejudicado"
"620",939,2022-02-02,2022-05-16,"Não","Não","Sem mérito"
"621",940,2022-02-07,2023-10-24,"Sim","Não","Sem mérito"
"622",941,2022-02-07,2022-06-25,"Não","Não","Sem mérito"
"623",942,2022-02-08,2025-06-04,"Não","Não","Sem mérito"
"624",944,2022-02-15,NA,"Não","Sim","Sem julgamento"
"625",945,2022-02-15,2023-08-15,"Não","Não","Sem mérito"
"626",946,2022-02-18,2025-03-06,"Não","Não","Procedente"
"627",947,2022-02-22,2022-04-27,"Não","Não","Prejudicado"
"628",948,2022-03-02,2022-10-17,"Não","Não","Sem mérito"
"629",949,2022-03-07,2024-08-21,"Não","Não","Procedente"
"630",950,2022-03-11,2022-09-23,"Não","Não","Sem mérito"
"631",951,2022-03-11,2024-02-16,"Não","Não","Sem mérito"
"632",952,2022-03-18,2022-10-17,"Não","Não","Sem mérito"
"633",953,2022-03-18,2022-04-18,"Não","Não","Sem mérito"
"634",954,2022-03-21,2022-04-19,"Não","Não","Sem mérito"
"635",955,2022-03-22,2022-08-24,"Não","Não","Sem mérito"
"636",956,2022-03-30,2024-06-07,"Não","Não","Procedente"
"637",957,2022-04-06,2022-08-04,"Não","Não","Sem mérito"
"638",958,2022-04-06,2023-09-01,"Não","Não","Sem mérito"
"639",959,2022-04-08,2024-02-07,"Não","Não","Procedente em parte"
"640",960,2022-04-18,2023-02-14,"Não","Não","Sem mérito"
"641",961,2022-04-18,2023-08-24,"Sim","Não","Prejudicado"
"642",962,2022-04-19,2024-06-26,"Não","Não","Procedente"
"643",963,2022-04-20,2022-08-24,"Não","Não","Sem mérito"
"644",964,2022-04-22,2023-08-25,"Não","Não","Procedente"
"645",965,2022-04-22,2023-08-25,"Sim","Não","Procedente"
"646",966,2022-04-22,2023-08-25,"Sim","Não","Procedente"
"647",967,2022-04-25,2023-08-25,"Não","Não","Procedente"
"648",968,2022-04-27,2023-12-11,"Não","Não","Prejudicado"
"649",969,2022-05-01,2023-10-25,"Não","Não","Procedente em parte"
"650",970,2022-05-01,2022-05-25,"Não","Não","Sem mérito"
"651",971,2022-05-06,2023-08-14,"Sim","Não","Improcedente"
"652",972,2022-05-13,NA,"Não","Sim","Sem julgamento"
"653",973,2022-05-13,NA,"Não","Sim","Sem julgamento"
"654",974,2022-05-18,2023-02-27,"Não","Não","Sem mérito"
"655",975,2022-05-23,2022-10-26,"Não","Não","Procedente"
"656",976,2022-05-23,NA,"Não","Sim","Sem julgamento"
"657",977,2022-05-26,NA,"Sim","Sim","Sem julgamento"
"658",978,2022-05-27,2022-10-14,"Não","Não","Sem mérito"
"659",979,2022-05-31,2023-08-03,"Não","Não","Sem mérito"
"660",980,2022-06-01,2023-03-20,"Não","Não","Sem mérito"
"661",981,2022-06-02,2023-04-11,"Sim","Não","Prejudicado"
"662",982,2022-06-10,2025-03-25,"Não","Não","Procedente"
"663",983,2022-06-14,2023-12-22,"Não","Não","Procedente em parte"
"664",984,2022-06-15,2024-03-08,"Não","Não","Sem mérito"
"665",985,2022-06-15,2024-08-19,"Não","Não","Procedente"
"666",986,2022-06-15,2023-04-10,"Sim","Não","Sem mérito"
"667",987,2022-06-24,NA,"Sim","Sim","Sem julgamento"
"668",988,2022-06-27,2022-11-07,"Não","Não","Procedente"
"669",989,2022-06-30,NA,"Não","Sim","Sem julgamento"
"670",990,2022-06-30,2023-02-09,"Sim","Não","Sem mérito"
"671",991,2022-06-30,NA,"Não","Sim","Sem julgamento"
"672",992,2022-07-04,NA,"Sim","Sim","Sem julgamento"
"673",993,2022-07-04,2022-09-27,"Não","Não","Sem mérito"
"674",994,2022-07-05,2022-08-24,"Não","Não","Sem mérito"
"675",995,2022-07-13,2023-10-19,"Não","Não","Procedente"
"676",996,2022-07-18,2022-11-22,"Não","Não","Sem mérito"
"677",997,2022-08-03,2024-10-12,"Não","Não","Sem mérito"
"678",998,2022-08-03,2022-10-13,"Não","Não","Sem mérito"
"679",999,2022-08-05,2023-03-17,"Sim","Não","Sem mérito"
"680",1000,2022-08-11,2023-08-16,"Não","Não","Sem mérito"
"681",1001,2022-08-11,2023-06-20,"Não","Não","Prejudicado"
"682",1002,2022-08-15,2023-04-20,"Não","Não","Improcedente"
"683",1003,2022-08-15,2023-02-28,"Sim","Não","Sem mérito"
"684",1004,2022-08-19,2024-10-21,"Sim","Não","Procedente"
"685",1005,2022-08-26,NA,"Sim","Sim","Sem julgamento"
"686",1006,2022-08-26,NA,"Sim","Sim","Sem julgamento"
"687",1007,2022-08-31,2023-02-27,"Não","Não","Sem mérito"
"688",1008,2022-09-09,2023-06-30,"Não","Não","Improcedente"
"689",1009,2022-09-12,NA,"Não","Sim","Sem julgamento"
"690",1010,2022-09-13,2022-11-11,"Não","Não","Sem mérito"
"691",1011,2022-09-14,2024-08-09,"Sim","Não","Procedente"
"692",1012,2022-09-23,2023-03-09,"Não","Não","Procedente"
"693",1013,2022-09-28,2024-08-07,"Não","Não","Procedente em parte"
"694",1014,2022-09-29,2025-04-23,"Sim","Não","Procedente"
"695",1015,2022-10-13,2023-05-04,"Não","Não","Sem mérito"
"696",1016,2022-10-18,2023-05-09,"Não","Não","Sem mérito"
"697",1017,2022-10-21,NA,"Não","Sim","Sem julgamento"
"698",1018,2022-10-24,2022-12-02,"Não","Não","Sem mérito"
"699",1019,2022-10-24,2022-12-07,"Não","Não","Sem mérito"
"700",1020,2022-10-24,2023-04-03,"Não","Não","Sem mérito"
"701",1021,2022-10-26,2024-12-18,"Sim","Não","Sem mérito"
"702",1023,2022-10-27,2024-05-21,"Não","Não","Sem mérito"
"703",1024,2022-11-03,2023-02-02,"Não","Não","Sem mérito"
"704",1025,2022-11-08,NA,"Não","Sim","Sem julgamento"
"705",1026,2022-11-09,NA,"Sim","Sim","Sem julgamento"
"706",1027,2022-11-14,NA,"Não","Sim","Sem julgamento"
"707",1028,2022-11-16,NA,"Não","Sim","Sem julgamento"
"708",1029,2022-11-16,NA,"Não","Sim","Sem julgamento"
"709",1030,2022-11-16,2024-06-27,"Sim","Não","Procedente em parte"
"710",1031,2022-11-18,2024-10-24,"Não","Não","Procedente"
"711",1032,2022-11-29,NA,"Sim","Sim","Sem julgamento"
"712",1033,2022-12-02,NA,"Sim","Sim","Sem julgamento"
"713",1034,2022-12-06,2023-05-15,"Não","Não","Sem mérito"
"714",1035,2022-12-09,2023-03-24,"Não","Não","Sem mérito"
"715",1036,2022-12-12,2025-03-21,"Não","Não","Procedente"
"716",1037,2022-12-19,2024-08-30,"Sim","Não","Procedente em parte"
"717",1038,2022-12-21,NA,"Não","Sim","Sem julgamento"
"718",1039,2022-12-28,2023-05-02,"Não","Não","Procedente"
"719",1040,2022-12-29,NA,"Não","Sim","Sem julgamento"
"720",1041,2023-01-09,2023-05-26,"Sim","Não","Sem mérito"
"721",1042,2023-01-18,2025-05-07,"Não","Não","Sem mérito"
"722",1043,2023-01-19,2024-03-25,"Não","Não","Procedente"
"723",1044,2023-02-13,2023-05-18,"Não","Não","Prejudicado"
"724",1045,2023-02-14,2024-06-29,"Não","Não","Sem mérito"
"725",1046,2023-02-14,NA,"Sim","Sim","Sem julgamento"
"726",1047,2023-02-27,NA,"Não","Sim","Sem julgamento"
"727",1048,2023-03-01,2023-04-04,"Não","Não","Sem mérito"
"728",1049,2023-03-15,2023-04-17,"Não","Não","Sem mérito"
"729",1050,2023-03-23,NA,"Não","Sim","Sem julgamento"
"730",1051,2023-03-29,NA,"Não","Sim","Sem julgamento"
"731",1052,2023-04-03,2023-06-16,"Não","Não","Sem mérito"
"732",1053,2023-04-03,NA,"Não","Sim","Sem julgamento"
"733",1054,2023-04-10,NA,"Não","Sim","Sem julgamento"
"734",1055,2023-04-10,NA,"Não","Sim","Sem julgamento"
"735",1056,2023-04-10,2023-12-18,"Não","Não","Improcedente"
"736",1057,2023-04-14,NA,"Não","Sim","Sem julgamento"
"737",1058,2023-04-14,NA,"Não","Sim","Sem julgamento"
"738",1059,2023-04-18,NA,"Não","Sim","Sem julgamento"
"739",1060,2023-04-26,NA,"Sim","Sim","Sem julgamento"
"740",1061,2023-04-27,2024-02-22,"Não","Não","Sem mérito"
"741",1062,2023-05-05,2023-06-06,"Não","Não","Sem mérito"
"742",1063,2023-05-11,2024-02-14,"Não","Não","Procedente"
"743",1064,2023-05-15,2024-10-16,"Sim","Não","Procedente em parte"
"744",1065,2023-05-19,2023-09-13,"Não","Não","Sem mérito"
"745",1066,2023-05-22,2025-05-26,"Não","Não","Procedente"
"746",1067,2023-05-24,2024-02-22,"Não","Não","Sem mérito"
"747",1068,2023-05-24,NA,"Sim","Sim","Sem julgamento"
"748",1069,2023-06-01,2025-02-25,"Não","Não","Sem mérito"
"749",1070,2023-06-06,2024-04-24,"Não","Não","Sem mérito"
"750",1071,2023-06-07,2024-09-10,"Sim","Não","Sem mérito"
"751",1072,2023-06-09,2024-05-22,"Não","Não","Sem mérito"
"752",1073,2023-06-13,2024-03-08,"Não","Não","Improcedente"
"753",1074,2023-06-15,2023-08-23,"Não","Não","Sem mérito"
"754",1075,2023-06-19,NA,"Sim","Sim","Sem julgamento"
"755",1076,2023-06-20,NA,"Não","Sim","Sem julgamento"
"756",1077,2023-06-30,NA,"Não","Sim","Sem julgamento"
"757",1078,2023-07-04,2024-08-09,"Sim","Não","Improcedente"
"758",1079,2023-07-06,NA,"Não","Sim","Sem julgamento"
"759",1080,2023-07-07,2023-09-28,"Não","Não","Sem mérito"
"760",1081,2023-07-14,NA,"Não","Sim","Sem julgamento"
"761",1082,2023-07-14,2024-04-15,"Sim","Não","Procedente"
"762",1083,2023-07-28,NA,"Não","Sim","Sem julgamento"
"763",1084,2023-08-28,2023-10-30,"Não","Não","Sem mérito"
"764",1085,2023-09-03,2024-03-26,"Não","Não","Prejudicado"
"765",1086,2023-09-19,2024-04-09,"Sim","Não","Procedente"
"766",1087,2023-09-22,NA,"Não","Sim","Sem julgamento"
"767",1088,2023-09-22,2024-03-15,"Não","Não","Procedente"
"768",1089,2023-09-29,2024-10-25,"Não","Não","Improcedente"
"769",1090,2023-10-03,NA,"Não","Sim","Sem julgamento"
"770",1091,2023-10-11,2024-04-26,"Não","Não","Procedente"
"771",1092,2023-10-24,NA,"Não","Sim","Sem julgamento"
"772",1093,2023-10-27,2025-02-14,"Sim","Não","Sem mérito"
"773",1094,2023-11-13,2024-06-10,"Não","Não","Prejudicado"
"774",1095,2023-11-14,NA,"Não","Sim","Sem julgamento"
"775",1096,2023-11-16,2024-08-19,"Não","Não","Procedente"
"776",1097,2023-11-16,NA,"Não","Sim","Sem julgamento"
"777",1098,2023-11-20,2024-04-16,"Não","Não","Sem mérito"
"778",1099,2023-11-24,2025-05-07,"Não","Não","Procedente em parte"
"779",1100,2023-11-24,NA,"Não","Sim","Sem julgamento"
"780",1101,2023-11-30,NA,"Não","Sim","Sem julgamento"
"781",1102,2023-12-05,NA,"Não","Sim","Sem julgamento"
"782",1103,2023-12-06,NA,"Não","Sim","Sem julgamento"
"783",1104,2023-12-07,NA,"Não","Sim","Sem julgamento"
"784",1105,2023-12-13,NA,"Não","Sim","Sem julgamento"
"785",1106,2023-12-14,NA,"Não","Sim","Sem julgamento"
"786",1107,2023-12-14,2024-09-03,"Não","Não","Procedente"
"787",1108,2023-12-15,NA,"Não","Sim","Sem julgamento"
"788",1109,2023-12-18,2024-03-22,"Não","Não","Sem mérito"
"789",1110,2023-12-18,NA,"Não","Sim","Sem julgamento"
"790",1112,2023-12-19,2024-04-10,"Não","Não","Sem mérito"
"791",1113,2023-12-19,2024-05-22,"Não","Não","Procedente"
"792",1114,2023-12-27,2024-08-23,"Não","Não","Sem mérito"
"793",1115,2024-01-10,NA,"Não","Sim","Sem julgamento"
"794",1116,2024-01-10,NA,"Não","Sim","Sem julgamento"
"795",1117,2024-01-12,NA,"Sim","Sim","Sem julgamento"
"796",1118,2024-01-15,NA,"Não","Sim","Sem julgamento"
"797",1119,2024-01-15,NA,"Sim","Sim","Sem julgamento"
"798",1120,2024-01-16,2024-03-07,"Não","Não","Sem mérito"
"799",1121,2024-01-16,2024-04-17,"Não","Não","Sem mérito"
"800",1122,2024-01-29,NA,"Não","Sim","Sem julgamento"
"801",1123,2024-02-14,NA,"Não","Sim","Sem julgamento"
"802",1124,2024-02-19,2024-04-18,"Não","Não","Sem mérito"
"803",1125,2024-02-22,2024-12-09,"Não","Não","Sem mérito"
"804",1126,2024-02-23,NA,"Não","Sim","Sem julgamento"
"805",1127,2024-02-26,2024-12-11,"Sim","Não","Sem mérito"
"806",1128,2024-02-27,NA,"Não","Sim","Sem julgamento"
"807",1129,2024-02-28,2024-03-26,"Não","Não","Sem mérito"
"808",1130,2024-02-29,NA,"Não","Sim","Sem julgamento"
"809",1131,2024-03-04,2024-04-09,"Não","Não","Sem mérito"
"810",1132,2024-03-04,NA,"Não","Sim","Sem julgamento"
"811",1133,2024-03-05,2024-10-17,"Não","Não","Sem mérito"
"812",1134,2024-03-13,2025-03-05,"Não","Não","Sem mérito"
"813",1135,2024-03-18,2024-08-30,"Não","Não","Sem mérito"
"814",1136,2024-03-26,2024-09-04,"Não","Não","Procedente"
"815",1137,2024-03-26,NA,"Não","Sim","Sem julgamento"
"816",1138,2024-04-01,NA,"Não","Sim","Sem julgamento"
"817",1139,2024-04-04,2024-05-28,"Não","Não","Sem mérito"
"818",1140,2024-04-05,2025-02-25,"Sim","Não","Sem mérito"
"819",1141,2024-04-10,NA,"Não","Sim","Sem julgamento"
"820",1142,2024-04-12,2024-05-13,"Não","Não","Sem mérito"
"821",1143,2024-04-16,NA,"Não","Sim","Sem julgamento"
"822",1144,2024-04-19,NA,"Não","Sim","Sem julgamento"
"823",1145,2024-04-22,2025-02-05,"Não","Não","Procedente"
"824",1146,2024-04-25,2024-06-18,"Não","Não","Sem mérito"
"825",1147,2024-04-29,NA,"Sim","Sim","Sem julgamento"
"826",1148,2024-05-06,NA,"Não","Sim","Sem julgamento"
"827",1149,2024-05-14,NA,"Não","Sim","Sem julgamento"
"828",1150,2024-05-14,2024-05-14,"Não","Sim","Sem julgamento"
"829",1151,2024-05-14,2025-02-04,"Sim","Não","Procedente"
"830",1152,2024-05-14,2025-03-14,"Não","Não","Procedente"
"831",1153,2024-05-14,2024-05-14,"Não","Sim","Sem julgamento"
"832",1154,2024-05-14,NA,"Não","Sim","Sem julgamento"
"833",1155,2024-05-14,NA,"Não","Sim","Sem julgamento"
"834",1156,2024-05-14,2025-02-26,"Não","Não","Sem mérito"
"835",1157,2024-05-14,NA,"Não","Sim","Sem julgamento"
"836",1158,2024-05-14,2025-05-19,"Não","Não","Procedente em parte"
"837",1159,2024-05-14,NA,"Não","Sim","Sem julgamento"
"838",1160,2024-05-14,2025-02-04,"Sim","Não","Procedente"
"839",1161,2024-05-14,2025-02-04,"Não","Não","Procedente"
"840",1162,2024-05-14,2025-05-19,"Não","Não","Procedente em parte"
"841",1163,2024-05-14,NA,"Não","Sim","Sem julgamento"
"842",1164,2024-05-14,2025-05-19,"Não","Não","Procedente"
"843",1165,2024-05-14,2025-02-21,"Não","Não","Procedente"
"844",1166,2024-05-14,2024-11-28,"Sim","Não","Procedente"
"845",1167,2024-05-22,NA,"Não","Sim","Sem julgamento"
"846",1168,2024-05-28,NA,"Não","Sim","Sem julgamento"
"847",1169,2024-05-29,NA,"Não","Sim","Sem julgamento"
"848",1170,2024-05-29,NA,"Sim","Sim","Sem julgamento"
"849",1171,2024-05-29,NA,"Sim","Sim","Sem julgamento"
"850",1172,2024-05-29,NA,"Não","Sim","Sem julgamento"
"851",1173,2024-05-29,NA,"Sim","Sim","Sem julgamento"
"852",1174,2024-06-04,NA,"Não","Sim","Sem julgamento"
"853",1175,2024-06-04,NA,"Sim","Sim","Sem julgamento"
"854",1176,2024-06-07,NA,"Não","Sim","Sem julgamento"
"855",1177,2024-06-11,2024-08-20,"Não","Não","Sem mérito"
"856",1178,2024-06-12,NA,"Sim","Sim","Sem julgamento"
"857",1179,2024-06-27,NA,"Não","Sim","Sem julgamento"
"858",1180,2024-07-15,NA,"Não","Sim","Sem julgamento"
"859",1181,2024-07-16,NA,"Não","Sim","Sem julgamento"
"860",1182,2024-07-17,NA,"Não","Sim","Sem julgamento"
"861",1183,2024-07-30,NA,"Não","Sim","Sem julgamento"
"862",1184,2024-08-09,NA,"Não","Sim","Sem julgamento"
"863",1185,2024-08-12,NA,"Sim","Sim","Sem julgamento"
"864",1186,2024-08-22,NA,"Não","Sim","Sem julgamento"
"865",1187,2024-08-31,NA,"Não","Sim","Sem julgamento"
"866",1188,2024-09-02,NA,"Não","Sim","Sem julgamento"
"867",1189,2024-09-03,NA,"Não","Sim","Sem julgamento"
"868",1190,2024-09-03,2024-11-21,"Não","Não","Prejudicado"
"869",1191,2024-09-09,NA,"Não","Sim","Sem julgamento"
"870",1192,2024-10-07,NA,"Não","Sim","Sem julgamento"
"871",1193,2024-11-06,NA,"Não","Sim","Sem julgamento"
"872",1194,2024-11-08,NA,"Não","Sim","Sem julgamento"
"873",1195,2024-11-08,2025-02-21,"Não","Não","Sem mérito"
"874",1196,2024-11-18,NA,"Não","Sim","Sem julgamento"
"875",1197,2024-11-21,NA,"Não","Sim","Sem julgamento"
"876",1198,2024-12-03,2025-03-27,"Não","Não","Sem mérito"
"877",1199,2024-12-03,NA,"Não","Sim","Sem julgamento"
"878",1200,2024-12-10,NA,"Não","Sim","Sem julgamento"
"879",1201,2024-12-18,NA,"Não","Sim","Sem julgamento"
"880",1202,2024-12-23,2025-02-25,"Não","Não","Improcedente"
"881",1203,2024-12-30,2025-02-25,"Não","Não","Sem mérito"
