"","classe","numero","data_autuacao","data_baixa","relator_atual","evento","tempo"
"1","ADPF","316",2014-01-22,2025-05-27,"MIN. ANDRÉ MENDONÇA",1,4143
"2","ADPF","317",2014-02-10,2016-06-21,"MIN. CELSO DE MELLO",1,862
"3","ADPF","318",2014-02-24,2014-10-23,"MIN. CELSO DE MELLO",1,241
"4","ADPF","319",2014-04-03,2015-02-18,"MIN. DIAS TOFFOLI",1,321
"5","ADPF","320",2014-05-15,2025-06-06,"MIN. DIAS TOFFOLI",0,4040
"6","ADPF","321",2014-05-25,2025-06-06,"MIN. ANDRÉ MENDONÇA",0,4030
"7","ADPF","322",2014-05-30,2025-06-06,"MIN. ANDRÉ MENDONÇA",0,4025
"8","ADPF","323",2014-06-27,2022-09-26,"MIN. GILMAR MENDES",1,3013
"9","ADPF","324",2014-08-25,2021-10-01,"MIN. LUÍS ROBERTO BARROSO",1,2594
"10","ADPF","325",2014-08-27,2022-05-06,"MIN. ROSA WEBER",1,2809
"11","ADPF","326",2014-09-09,2016-03-07,"MIN. CÁRMEN LÚCIA",1,545
"12","ADPF","327",2014-09-16,2014-11-06,"MIN. MARCO AURÉLIO",1,51
"13","ADPF","328",2014-10-03,2021-08-12,"MIN. MARCO AURÉLIO",1,2505
"14","ADPF","329",2014-12-02,2015-02-18,"MIN. CELSO DE MELLO",1,78
"15","ADPF","330",2015-01-16,2020-04-06,"MIN. CELSO DE MELLO",1,1907
"16","ADPF","332",2015-02-20,2019-08-30,"MIN. GILMAR MENDES",1,1652
"17","ADPF","333",2015-02-26,2015-06-09,"MIN. CÁRMEN LÚCIA",1,103
"18","ADPF","334",2015-03-09,2023-06-05,"MIN. ALEXANDRE DE MORAES",1,3010
"19","ADPF","335",2015-03-13,2021-09-27,"MIN. LUÍS ROBERTO BARROSO",1,2390
"20","ADPF","336",2015-03-17,2021-05-19,"MIN. LUIZ FUX",1,2255
"21","ADPF","337",2015-03-23,2019-08-09,"MIN. MARCO AURÉLIO",1,1600
"22","ADPF","338",2015-03-23,2025-06-06,"MIN. LUÍS ROBERTO BARROSO",0,3728
"23","ADPF","339",2015-03-26,2016-08-16,"MIN. LUIZ FUX",1,509
"24","ADPF","340",2015-04-08,2019-06-07,"MIN. LUÍS ROBERTO BARROSO",1,1521
"25","ADPF","341",2015-04-09,2023-03-10,"MIN. LUÍS ROBERTO BARROSO",1,2892
"26","ADPF","342",2015-04-16,2025-06-06,"MIN. ANDRÉ MENDONÇA",0,3704
"27","ADPF","343",2015-05-07,2016-11-24,"MIN. CÁRMEN LÚCIA",1,567
"28","ADPF","344",2015-05-07,2020-09-23,"MIN. MARCO AURÉLIO",1,1966
"29","ADPF","345",2015-05-16,2015-06-16,"MIN. LUÍS ROBERTO BARROSO",1,31
"30","ADPF","346",2015-05-22,2015-08-13,"MIN. LUÍS ROBERTO BARROSO",1,83
"31","ADPF","347",2015-05-27,2025-06-06,"MIN. LUÍS ROBERTO BARROSO",0,3663
"32","ADPF","348",2015-06-01,2025-06-06,"MIN. ANDRÉ MENDONÇA",0,3658
"33","ADPF","349",2015-06-01,2020-09-21,"MIN. MARCO AURÉLIO",1,1939
"34","ADPF","350",2015-06-16,2016-12-15,"MIN. DIAS TOFFOLI",1,548
"35","ADPF","351",2015-06-17,2025-06-06,"MIN. NUNES MARQUES",0,3642
"36","ADPF","352",2015-06-17,2015-08-12,"MIN. CÁRMEN LÚCIA",1,56
"37","ADPF","353",2015-06-30,2021-09-27,"MIN. CÁRMEN LÚCIA",1,2281
"38","ADPF","354",2015-07-02,2016-10-27,"MIN. LUÍS ROBERTO BARROSO",1,483
"39","ADPF","355",2015-07-07,2019-10-21,"MIN. GILMAR MENDES",1,1567
"40","ADPF","356",2015-07-27,2018-06-08,"MIN. GILMAR MENDES",1,1047
"41","ADPF","357",2015-07-28,2021-10-18,"MIN. CÁRMEN LÚCIA",1,2274
"42","ADPF","358",2015-08-03,2015-10-21,"MIN. LUÍS ROBERTO BARROSO",1,79
"43","ADPF","359",2015-08-05,2015-10-22,"MIN. LUÍS ROBERTO BARROSO",1,78
"44","ADPF","360",2015-08-06,2019-11-04,"MIN. LUÍS ROBERTO BARROSO",1,1551
"45","ADPF","361",2015-08-10,2019-10-09,"MIN. MARCO AURÉLIO",1,1521
"46","ADPF","362",2015-08-13,2024-05-02,"MIN. ALEXANDRE DE MORAES",1,3185
"47","ADPF","363",2015-08-18,2015-09-10,"MIN. CELSO DE MELLO",1,23
"48","ADPF","364",2015-08-21,2019-10-16,"MIN. CÁRMEN LÚCIA",1,1517
"49","ADPF","365",2015-08-24,2018-08-24,"MIN. GILMAR MENDES",1,1096
"50","ADPF","366",2015-08-31,2025-03-14,"MIN. GILMAR MENDES",1,3483
"51","ADPF","367",2015-09-01,2021-03-11,"MIN. CÁRMEN LÚCIA",1,2018
"52","ADPF","368",2015-09-02,2021-09-24,"MIN. GILMAR MENDES",1,2214
"53","ADPF","369",2015-09-18,2020-10-28,"MIN. LUIZ FUX",1,1867
"54","ADPF","370",2015-09-21,2020-10-20,"MIN. ROSA WEBER",1,1856
"55","ADPF","371",2015-10-07,2016-02-16,"MIN. EDSON FACHIN",1,132
"56","ADPF","372",2015-10-28,2017-04-17,"MIN. ROSA WEBER",1,537
"57","ADPF","375",2015-11-04,2019-04-22,"MIN. CÁRMEN LÚCIA",1,1265
"58","ADPF","376",2015-11-19,2020-05-22,"MIN. CÁRMEN LÚCIA",1,1646
"59","ADPF","377",2015-11-23,2017-09-04,"MIN. LUIZ FUX",1,651
"60","ADPF","378",2015-12-03,2016-08-25,"MIN. LUÍS ROBERTO BARROSO",1,266
"61","ADPF","379",2015-12-05,2025-06-06,"MIN. LUIZ FUX",0,3471
"62","ADPF","380",2016-01-15,2020-06-19,"MIN. MARCO AURÉLIO",1,1617
"63","ADPF","381",2016-01-19,2023-05-09,"MIN. GILMAR MENDES",1,2667
"64","ADPF","382",2016-01-28,2016-03-10,"MIN. CELSO DE MELLO",1,42
"65","ADPF","383",2016-01-28,2016-03-10,"MIN. CELSO DE MELLO",1,42
"66","ADPF","384",2016-02-01,2020-10-20,"MIN. EDSON FACHIN",1,1723
"67","ADPF","385",2016-02-15,2017-11-22,"MIN. ALEXANDRE DE MORAES",1,646
"68","ADPF","386",2016-02-22,2020-11-10,"MIN. CELSO DE MELLO",1,1723
"69","ADPF","387",2016-03-01,2017-12-07,"MIN. GILMAR MENDES",1,646
"70","ADPF","388",2016-03-03,2016-08-25,"MIN. GILMAR MENDES",1,175
"71","ADPF","389",2016-03-10,2020-11-02,"MIN. LUÍS ROBERTO BARROSO",1,1698
"72","ADPF","390",2016-03-17,2017-09-18,"MIN. ALEXANDRE DE MORAES",1,550
"73","ADPF","391",2016-03-17,2017-10-09,"MIN. ALEXANDRE DE MORAES",1,571
"74","ADPF","392",2016-03-30,2017-02-23,"MIN. EDSON FACHIN",1,330
"75","ADPF","393",2016-04-08,2017-05-10,"MIN. GILMAR MENDES",1,397
"76","ADPF","394",2016-04-11,2017-03-16,"MIN. LUÍS ROBERTO BARROSO",1,339
"77","ADPF","395",2016-04-11,2019-10-23,"MIN. GILMAR MENDES",1,1290
"78","ADPF","396",2016-04-14,2020-03-19,"MIN. EDSON FACHIN",1,1435
"79","ADPF","397",2016-04-14,2016-05-23,"MIN. MARCO AURÉLIO",1,39
"80","ADPF","398",2016-04-15,2022-08-31,"MIN. EDSON FACHIN",1,2329
"81","ADPF","399",2016-05-02,2020-06-09,"MIN. EDSON FACHIN",1,1499
"82","ADPF","400",2016-05-02,2025-06-06,"MIN. NUNES MARQUES",0,3322
"83","ADPF","401",2016-05-02,2023-05-08,"MIN. EDSON FACHIN",1,2562
"84","ADPF","402",2016-05-03,2025-06-06,"MIN. MARCO AURÉLIO",0,3321
"85","ADPF","403",2016-05-03,2025-06-06,"MIN. EDSON FACHIN",0,3321
"86","ADPF","404",2016-05-04,2019-10-07,"MIN. MARCO AURÉLIO",1,1251
"87","ADPF","405",2016-05-05,2021-08-16,"MIN. ROSA WEBER",1,1929
"88","ADPF","406",2016-05-06,2017-02-21,"MIN. ROSA WEBER",1,291
"89","ADPF","407",2016-05-09,2016-06-08,"MIN. LUÍS ROBERTO BARROSO",1,30
"90","ADPF","408",2016-05-13,2017-11-17,"MIN. LUIZ FUX",1,553
"91","ADPF","409",2016-05-23,2016-09-28,"MIN. LUÍS ROBERTO BARROSO",1,128
"92","ADPF","410",2016-05-24,2016-06-24,"MIN. LUÍS ROBERTO BARROSO",1,31
"93","ADPF","411",2016-05-24,2021-08-18,"MIN. EDSON FACHIN",1,1912
"94","ADPF","412",2016-06-08,2020-03-10,"MIN. ALEXANDRE DE MORAES",1,1371
"95","ADPF","413",2016-06-16,2018-08-14,"MIN. DIAS TOFFOLI",1,789
"96","ADPF","414",2016-07-08,2017-03-30,"MIN. EDSON FACHIN",1,265
"97","ADPF","415",2016-07-14,2018-10-01,"MIN. CELSO DE MELLO",1,809
"98","ADPF","416",2016-07-19,2017-11-24,"MIN. MARCO AURÉLIO",1,493
"99","ADPF","417",2016-07-27,2017-08-22,"MIN. RICARDO LEWANDOWSKI",1,391
"100","ADPF","418",2016-07-27,2020-05-15,"MIN. ALEXANDRE DE MORAES",1,1388
"101","ADPF","419",2016-08-05,2021-09-01,"MIN. EDSON FACHIN",1,1853
"102","ADPF","420",2016-08-05,2025-06-06,"MIN. CRISTIANO ZANIN",0,3227
"103","ADPF","421",2016-08-24,2017-06-16,"MIN. ALEXANDRE DE MORAES",1,296
"104","ADPF","422",2016-09-13,2025-06-06,"MIN. LUIZ FUX",0,3188
"105","ADPF","423",2016-10-04,2020-07-09,"MIN. CÁRMEN LÚCIA",1,1374
"106","ADPF","424",2016-10-26,2025-06-06,"MIN. CRISTIANO ZANIN",0,3145
"107","ADPF","425",2016-10-31,2018-11-16,"MIN. EDSON FACHIN",1,746
"108","ADPF","426",2016-11-03,2021-11-26,"MIN. ROSA WEBER",1,1849
"109","ADPF","427",2016-11-04,2022-12-01,"MIN. ANDRÉ MENDONÇA",1,2218
"110","ADPF","428",2016-11-07,2017-05-26,"MIN. ROSA WEBER",1,200
"111","ADPF","429",2016-11-09,2025-06-06,"MIN. LUIZ FUX",0,3131
"112","ADPF","430",2016-11-11,2023-05-19,"MIN. DIAS TOFFOLI",1,2380
"113","ADPF","431",2016-11-11,2017-03-21,"MIN. DIAS TOFFOLI",1,130
"114","ADPF","432",2016-11-11,2017-02-13,"MIN. ROSA WEBER",1,94
"115","ADPF","433",2016-11-17,2025-06-06,"MIN. LUIZ FUX",0,3123
"116","ADPF","434",2016-11-18,2025-06-06,"MIN. NUNES MARQUES",0,3122
"117","ADPF","435",2016-11-23,2018-10-02,"MIN. DIAS TOFFOLI",1,678
"118","ADPF","436",2016-11-30,2017-02-24,"MIN. DIAS TOFFOLI",1,86
"119","ADPF","437",2016-12-20,2020-10-26,"MIN. ROSA WEBER",1,1406
"120","ADPF","438",2016-12-20,2020-02-07,"MIN. ROSA WEBER",1,1144
"121","ADPF","439",2017-01-02,2017-06-13,"MIN. ALEXANDRE DE MORAES",1,162
"122","ADPF","440",2017-02-15,2020-02-10,"MIN. ROSA WEBER",1,1090
"123","ADPF","441",2017-02-24,2017-08-25,"MIN. ROSA WEBER",1,182
"124","ADPF","442",2017-03-08,2025-06-06,"MIN. FLÁVIO DINO",0,3012
"125","ADPF","443",2017-03-14,2020-05-19,"MIN. LUIZ FUX",1,1162
"126","ADPF","444",2017-03-14,2020-06-18,"MIN. GILMAR MENDES",1,1192
"127","ADPF","445",2017-03-22,2025-06-06,"MIN. LUIZ FUX",0,2998
"128","ADPF","446",2017-03-22,2019-11-06,"MIN. ALEXANDRE DE MORAES",1,959
"129","ADPF","447",2017-03-29,2017-08-23,"MIN. DIAS TOFFOLI",1,147
"130","ADPF","448",2017-04-05,2020-12-15,"MIN. ROSA WEBER",1,1350
"131","ADPF","449",2017-04-07,2019-11-04,"MIN. LUIZ FUX",1,941
"132","ADPF","450",2017-04-18,2019-10-08,"MIN. CÁRMEN LÚCIA",1,903
"133","ADPF","451",2017-04-27,2019-02-21,"MIN. ALEXANDRE DE MORAES",1,665
"134","ADPF","452",2017-05-03,2020-05-27,"MIN. CÁRMEN LÚCIA",1,1120
"135","ADPF","453",2017-05-04,2019-12-13,"MIN. ROSA WEBER",1,953
"136","ADPF","454",2017-05-08,2025-06-06,"MIN. CRISTIANO ZANIN",0,2951
"137","ADPF","455",2017-05-11,2023-08-14,"MIN. DIAS TOFFOLI",1,2286
"138","ADPF","456",2017-05-16,2017-08-31,"MIN. RICARDO LEWANDOWSKI",1,107
"139","ADPF","457",2017-05-22,2020-06-16,"MIN. ALEXANDRE DE MORAES",1,1121
"140","ADPF","458",2017-05-23,2019-11-22,"MIN. CÁRMEN LÚCIA",1,913
"141","ADPF","459",2017-05-25,2017-08-03,"MIN. EDSON FACHIN",1,70
"142","ADPF","460",2017-06-06,2020-09-11,"MIN. LUIZ FUX",1,1193
"143","ADPF","461",2017-06-06,2020-10-08,"MIN. LUÍS ROBERTO BARROSO",1,1220
"144","ADPF","462",2017-06-06,2024-08-30,"MIN. EDSON FACHIN",1,2642
"145","ADPF","463",2017-06-07,2019-03-08,"MIN. RICARDO LEWANDOWSKI",1,639
"146","ADPF","464",2017-06-08,2018-11-08,"MIN. RICARDO LEWANDOWSKI",1,518
"147","ADPF","465",2017-06-08,2020-10-01,"MIN. LUÍS ROBERTO BARROSO",1,1211
"148","ADPF","466",2017-06-08,2025-06-06,"MIN. ROSA WEBER",0,2920
"149","ADPF","467",2017-06-08,2020-08-14,"MIN. GILMAR MENDES",1,1163
"150","ADPF","468",2017-06-09,2018-06-27,"MIN. DIAS TOFFOLI",1,383
"151","ADPF","469",2017-06-20,2017-08-24,"MIN. EDSON FACHIN",1,65
"152","ADPF","470",2017-06-22,2022-09-01,"MIN. EDSON FACHIN",1,1897
"153","ADPF","471",2017-06-26,2020-05-26,"MIN. CELSO DE MELLO",1,1065
"154","ADPF","472",2017-07-13,2017-11-06,"MIN. CELSO DE MELLO",1,116
"155","ADPF","473",2017-07-25,2025-06-06,"MIN. LUIZ FUX",0,2873
"156","ADPF","474",2017-08-19,2024-09-30,"MIN. ROSA WEBER",1,2599
"157","ADPF","475",2017-08-19,2023-05-12,"MIN. DIAS TOFFOLI",1,2092
"158","ADPF","476",2017-08-22,2020-03-20,"MIN. ALEXANDRE DE MORAES",1,941
"159","ADPF","477",2017-08-24,2019-10-29,"MIN. ALEXANDRE DE MORAES",1,796
"160","ADPF","478",2017-08-29,2018-02-26,"MIN. ALEXANDRE DE MORAES",1,181
"161","ADPF","479",2017-08-30,2017-11-21,"MIN. ALEXANDRE DE MORAES",1,83
"162","ADPF","480",2017-09-15,2018-05-04,"MIN. EDSON FACHIN",1,231
"163","ADPF","481",2017-09-15,2018-08-07,"MIN. EDSON FACHIN",1,326
"164","ADPF","482",2017-09-15,2020-04-06,"MIN. ALEXANDRE DE MORAES",1,934
"165","ADPF","483",2017-09-21,2019-06-25,"MIN. LUIZ FUX",1,642
"166","ADPF","484",2017-09-25,2020-11-19,"MIN. LUIZ FUX",1,1151
"167","ADPF","485",2017-09-25,2021-02-17,"MIN. LUÍS ROBERTO BARROSO",1,1241
"168","ADPF","486",2017-10-06,2023-09-06,"MIN. GILMAR MENDES",1,2161
"169","ADPF","487",2017-10-09,2018-03-23,"MIN. ALEXANDRE DE MORAES",1,165
"170","ADPF","488",2017-10-11,2024-03-04,"MIN. ROSA WEBER",1,2336
"171","ADPF","489",2017-10-20,2020-04-02,"MIN. ROSA WEBER",1,895
"172","ADPF","490",2017-10-20,2025-06-06,"MIN. LUIZ FUX",0,2786
"173","ADPF","491",2017-10-20,2020-06-08,"MIN. ROSA WEBER",1,962
"174","ADPF","492",2017-10-23,2021-02-08,"MIN. GILMAR MENDES",1,1204
"175","ADPF","493",2017-10-23,2021-02-12,"MIN. GILMAR MENDES",1,1208
"176","ADPF","494",2017-10-27,2023-03-24,"MIN. DIAS TOFFOLI",1,1974
"177","ADPF","495",2017-10-30,2023-05-26,"MIN. CÁRMEN LÚCIA",1,2034
"178","ADPF","496",2017-10-30,2022-11-22,"MIN. LUÍS ROBERTO BARROSO",1,1849
"179","ADPF","497",2017-11-21,2019-11-04,"MIN. EDSON FACHIN",1,713
"180","ADPF","498",2017-11-23,2020-06-01,"MIN. CELSO DE MELLO",1,921
"181","ADPF","499",2017-11-23,2023-08-09,"MIN. ALEXANDRE DE MORAES",1,2085
"182","ADPF","500",2017-11-28,2022-05-11,"MIN. LUÍS ROBERTO BARROSO",1,1625
"183","ADPF","501",2017-11-30,2022-09-20,"MIN. ALEXANDRE DE MORAES",1,1755
"184","ADPF","502",2017-12-18,2018-03-19,"MIN. ALEXANDRE DE MORAES",1,91
"185","ADPF","503",2017-12-13,2019-11-05,"MIN. CELSO DE MELLO",1,692
"186","ADPF","504",2017-12-14,2020-12-09,"MIN. ROSA WEBER",1,1091
"187","ADPF","505",2017-12-21,2018-08-26,"MIN. MARCO AURÉLIO",1,248
"188","ADPF","506",2017-12-21,2018-04-13,"MIN. MARCO AURÉLIO",1,113
"189","ADPF","507",2018-01-08,2018-04-13,"MIN. ROSA WEBER",1,95
"190","ADPF","508",2018-01-19,2020-08-11,"MIN. LUÍS ROBERTO BARROSO",1,935
"191","ADPF","509",2018-01-26,2025-06-06,"MIN. ANDRÉ MENDONÇA",0,2688
"192","ADPF","510",2018-02-06,2018-08-09,"MIN. MARCO AURÉLIO",1,184
"193","ADPF","511",2018-02-21,2024-04-11,"MIN. FLÁVIO DINO",1,2241
"194","ADPF","512",2018-02-23,2024-02-09,"MIN. EDSON FACHIN",1,2177
"195","ADPF","513",2018-03-02,2021-02-17,"MIN. ROSA WEBER",1,1083
"196","ADPF","514",2018-04-20,2019-10-02,"MIN. EDSON FACHIN",1,530
"197","ADPF","515",2018-05-02,2020-12-09,"MIN. EDSON FACHIN",1,952
"198","ADPF","516",2018-05-10,2019-09-23,"MIN. EDSON FACHIN",1,501
"199","ADPF","517",2018-05-16,2019-10-09,"MIN. LUÍS ROBERTO BARROSO",1,511
"200","ADPF","518",2018-05-16,2023-04-28,"MIN. EDSON FACHIN",1,1808
"201","ADPF","519",2018-05-25,2025-06-06,"MIN. ALEXANDRE DE MORAES",0,2569
"202","ADPF","520",2018-06-07,2018-08-24,"MIN. RICARDO LEWANDOWSKI",1,78
"203","ADPF","521",2018-06-11,2018-09-28,"MIN. EDSON FACHIN",1,109
"204","ADPF","522",2018-06-12,2025-06-06,"MIN. MARCO AURÉLIO",0,2551
"205","ADPF","523",2018-06-12,2021-03-11,"MIN. ROSA WEBER",1,1003
"206","ADPF","524",2018-06-15,2023-09-19,"MIN. EDSON FACHIN",1,1922
"207","ADPF","525",2018-06-19,2019-03-28,"MIN. LUIZ FUX",1,282
"208","ADPF","526",2018-06-25,2020-06-23,"MIN. CÁRMEN LÚCIA",1,729
"209","ADPF","527",2018-06-25,2023-11-28,"MIN. LUÍS ROBERTO BARROSO",1,1982
"210","ADPF","528",2018-06-26,2022-08-08,"MIN. ALEXANDRE DE MORAES",1,1504
"211","ADPF","529",2018-06-26,2020-04-29,"MIN. GILMAR MENDES",1,673
"212","ADPF","530",2018-06-27,2020-12-21,"MIN. EDSON FACHIN",1,908
"213","ADPF","531",2018-06-28,2018-09-05,"MIN. GILMAR MENDES",1,69
"214","ADPF","532",2018-07-13,2018-08-31,"MIN. CELSO DE MELLO",1,49
"215","ADPF","533",2018-07-23,2022-12-13,"MIN. LUÍS ROBERTO BARROSO",1,1604
"216","ADPF","534",2018-07-25,2020-09-28,"MIN. CELSO DE MELLO",1,796
"217","ADPF","535",2018-07-30,2021-08-25,"MIN. RICARDO LEWANDOWSKI",1,1122
"218","ADPF","536",2018-08-03,2018-11-09,"MIN. EDSON FACHIN",1,98
"219","ADPF","537",2018-08-16,2018-09-27,"MIN. CELSO DE MELLO",1,42
"220","ADPF","538",2018-08-30,2019-08-30,"MIN. CÁRMEN LÚCIA",1,365
"221","ADPF","539",2018-09-10,2021-03-16,"MIN. LUIZ FUX",1,918
"222","ADPF","540",2018-09-12,2019-04-05,"MIN. EDSON FACHIN",1,205
"223","ADPF","541",2018-09-19,2019-06-04,"MIN. LUÍS ROBERTO BARROSO",1,258
"224","ADPF","542",2018-09-25,2020-11-13,"MIN. CELSO DE MELLO",1,780
"225","ADPF","543",2018-09-27,2019-03-13,"MIN. LUIZ FUX",1,167
"226","ADPF","544",2018-10-09,2022-06-27,"MIN. RICARDO LEWANDOWSKI",1,1357
"227","ADPF","545",2018-10-11,2019-04-08,"MIN. CÁRMEN LÚCIA",1,179
"228","ADPF","546",2018-10-17,2023-02-27,"MIN. LUÍS ROBERTO BARROSO",1,1594
"229","ADPF","547",2018-10-17,2021-06-30,"MIN. LUÍS ROBERTO BARROSO",1,987
"230","ADPF","548",2018-10-26,2020-06-24,"MIN. CÁRMEN LÚCIA",1,607
"231","ADPF","549",2018-10-30,2020-10-05,"MIN. CELSO DE MELLO",1,706
"232","ADPF","550",2018-11-09,2024-03-20,"MIN. LUIZ FUX",1,1958
"233","ADPF","551",2018-11-19,2019-03-05,"MIN. CÁRMEN LÚCIA",1,106
"234","ADPF","552",2018-11-20,2019-09-09,"MIN. LUÍS ROBERTO BARROSO",1,293
"235","ADPF","553",2018-11-20,2019-05-31,"MIN. ALEXANDRE DE MORAES",1,192
"236","ADPF","554",2018-11-21,2020-06-10,"MIN. LUIZ FUX",1,567
"237","ADPF","555",2018-11-23,2020-05-27,"MIN. CELSO DE MELLO",1,551
"238","ADPF","556",2018-11-28,2020-08-28,"MIN. CÁRMEN LÚCIA",1,639
"239","ADPF","557",2018-12-04,2025-06-06,"MIN. CRISTIANO ZANIN",0,2376
"240","ADPF","558",2018-12-11,2019-02-21,"MIN. MARCO AURÉLIO",1,72
"241","ADPF","559",2018-12-12,2022-08-12,"MIN. LUÍS ROBERTO BARROSO",1,1339
"242","ADPF","560",2018-12-14,2020-03-09,"MIN. ALEXANDRE DE MORAES",1,451
"243","ADPF","561",2019-01-02,2020-11-26,"MIN. RICARDO LEWANDOWSKI",1,694
"244","ADPF","562",2019-01-14,2019-08-09,"MIN. RICARDO LEWANDOWSKI",1,207
"245","ADPF","563",2019-01-14,2021-03-30,"MIN. EDSON FACHIN",1,806
"246","ADPF","564",2019-01-21,2025-06-06,"MIN. CRISTIANO ZANIN",0,2328
"247","ADPF","565",2019-02-25,2019-08-13,"MIN. RICARDO LEWANDOWSKI",1,169
"248","ADPF","566",2019-02-26,2019-09-23,"MIN. LUIZ FUX",1,209
"249","ADPF","567",2019-02-28,2021-04-12,"MIN. ALEXANDRE DE MORAES",1,774
"250","ADPF","568",2019-03-12,2019-10-14,"MIN. ALEXANDRE DE MORAES",1,216
"251","ADPF","569",2019-03-13,2024-06-17,"MIN. ALEXANDRE DE MORAES",1,1923
"252","ADPF","570",2019-03-14,2019-09-30,"MIN. MARCO AURÉLIO",1,200
"253","ADPF","571",2019-03-19,2021-10-13,"MIN. GILMAR MENDES",1,939
"254","ADPF","572",2019-03-25,2020-11-26,"MIN. EDSON FACHIN",1,612
"255","ADPF","573",2019-03-25,2023-05-04,"MIN. LUÍS ROBERTO BARROSO",1,1501
"256","ADPF","574",2019-03-28,2021-05-10,"MIN. EDSON FACHIN",1,774
"257","ADPF","575",2019-04-02,2019-05-31,"MIN. LUIZ FUX",1,59
"258","ADPF","576",2019-04-11,2019-06-13,"MIN. GILMAR MENDES",1,63
"259","ADPF","577",2019-04-12,2019-11-05,"MIN. CÁRMEN LÚCIA",1,207
"260","ADPF","578",2019-04-12,2025-06-06,"MIN. LUIZ FUX",0,2247
"261","ADPF","579",2019-04-24,2021-02-03,"MIN. EDSON FACHIN",1,651
"262","ADPF","580",2019-05-04,2019-08-06,"MIN. CELSO DE MELLO",1,94
"263","ADPF","582",2019-05-14,2020-10-13,"MIN. CELSO DE MELLO",1,518
"264","ADPF","583",2019-05-15,2020-10-15,"MIN. CELSO DE MELLO",1,519
"265","ADPF","584",2019-05-17,2020-03-27,"MIN. ALEXANDRE DE MORAES",1,315
"266","ADPF","585",2019-05-21,2022-05-06,"MIN. MARCO AURÉLIO",1,1081
"267","ADPF","587",2019-05-27,2020-10-06,"MIN. CELSO DE MELLO",1,498
"268","ADPF","588",2019-05-28,2022-03-28,"MIN. LUÍS ROBERTO BARROSO",1,1035
"269","ADPF","589",2019-05-28,2019-08-07,"MIN. EDSON FACHIN",1,71
"270","ADPF","590",2019-06-12,2020-10-06,"MIN. LUIZ FUX",1,482
"271","ADPF","591",2019-06-12,2024-11-05,"MIN. CRISTIANO ZANIN",1,1973
"272","ADPF","592",2019-06-14,2024-02-23,"MIN. LUIZ FUX",1,1715
"273","ADPF","593",2019-06-18,2025-02-14,"MIN. FLÁVIO DINO",1,2068
"274","ADPF","594",2019-06-18,2023-02-06,"MIN. EDSON FACHIN",1,1329
"275","ADPF","595",2019-06-19,2020-10-22,"MIN. CELSO DE MELLO",1,491
"276","ADPF","596",2019-06-21,2022-08-17,"MIN. ROSA WEBER",1,1153
"277","ADPF","597",2019-06-24,2020-09-28,"MIN. MARCO AURÉLIO",1,462
"278","ADPF","598",2019-06-27,2021-08-12,"MIN. RICARDO LEWANDOWSKI",1,777
"279","ADPF","599",2019-06-28,2025-06-06,"MIN. ANDRÉ MENDONÇA",0,2170
"280","ADPF","600",2019-07-10,2020-10-01,"MIN. LUÍS ROBERTO BARROSO",1,449
"281","ADPF","601",2019-07-11,2023-08-10,"MIN. GILMAR MENDES",1,1491
"282","ADPF","602",2019-07-22,2019-09-10,"MIN. RICARDO LEWANDOWSKI",1,50
"283","ADPF","603",2019-07-25,2022-08-22,"MIN. DIAS TOFFOLI",1,1124
"284","ADPF","604",2019-07-26,2019-08-30,"MIN. GILMAR MENDES",1,35
"285","ADPF","605",2019-07-26,2025-06-06,"MIN. DIAS TOFFOLI",0,2142
"286","ADPF","606",2019-07-29,2025-06-06,"MIN. GILMAR MENDES",0,2139
"287","ADPF","607",2019-07-31,2022-06-09,"MIN. DIAS TOFFOLI",1,1044
"288","ADPF","608",2019-08-02,2019-09-12,"MIN. ALEXANDRE DE MORAES",1,41
"289","ADPF","609",2019-08-06,2020-05-27,"MIN. CELSO DE MELLO",1,295
"290","ADPF","610",2019-08-13,2022-11-09,"MIN. DIAS TOFFOLI",1,1184
"291","ADPF","611",2019-08-15,2019-09-13,"MIN. GILMAR MENDES",1,29
"292","ADPF","612",2019-08-19,2020-10-09,"MIN. RICARDO LEWANDOWSKI",1,417
"293","ADPF","613",2019-08-19,2020-09-01,"MIN. ROSA WEBER",1,379
"294","ADPF","614",2019-08-27,2021-04-29,"MIN. CÁRMEN LÚCIA",1,611
"295","ADPF","615",2019-08-28,2025-06-06,"MIN. LUÍS ROBERTO BARROSO",0,2109
"296","ADPF","616",2019-09-02,2022-11-29,"MIN. LUÍS ROBERTO BARROSO",1,1184
"297","ADPF","617",2019-09-09,2020-02-12,"MIN. ALEXANDRE DE MORAES",1,156
"298","ADPF","618",2019-09-09,2025-06-06,"MIN. NUNES MARQUES",0,2097
"299","ADPF","619",2019-09-12,2022-09-17,"MIN. ROSA WEBER",1,1101
"300","ADPF","620",2019-09-13,2021-03-23,"MIN. LUÍS ROBERTO BARROSO",1,557
"301","ADPF","621",2019-09-16,2020-06-16,"MIN. CÁRMEN LÚCIA",1,274
"302","ADPF","622",2019-09-16,2021-06-07,"MIN. LUÍS ROBERTO BARROSO",1,630
"303","ADPF","623",2019-09-16,2023-08-09,"MIN. ROSA WEBER",1,1423
"304","ADPF","624",2019-09-17,2020-10-23,"MIN. CELSO DE MELLO",1,402
"305","ADPF","625",2019-10-04,2020-02-13,"MIN. CÁRMEN LÚCIA",1,132
"306","ADPF","626",2019-10-07,2025-06-06,"MIN. CRISTIANO ZANIN",0,2069
"307","ADPF","627",2019-10-15,2020-11-05,"MIN. LUÍS ROBERTO BARROSO",1,387
"308","ADPF","628",2019-10-16,2020-04-22,"MIN. CÁRMEN LÚCIA",1,189
"309","ADPF","629",2019-10-18,2020-02-21,"MIN. ALEXANDRE DE MORAES",1,126
"310","ADPF","630",2019-10-23,2021-05-28,"MIN. CÁRMEN LÚCIA",1,583
"311","ADPF","631",2019-10-30,2019-12-05,"MIN. GILMAR MENDES",1,36
"312","ADPF","632",2019-11-12,2020-03-03,"MIN. GILMAR MENDES",1,112
"313","ADPF","633",2019-11-18,2020-04-06,"MIN. GILMAR MENDES",1,140
"314","ADPF","634",2019-11-19,2023-04-24,"MIN. CÁRMEN LÚCIA",1,1252
"315","ADPF","635",2019-11-20,2025-06-06,"MIN. EDSON FACHIN",0,2025
"316","ADPF","636",2019-11-26,2020-02-14,"MIN. MARCO AURÉLIO",1,80
"317","ADPF","637",2019-12-12,2025-06-06,"MIN. FLÁVIO DINO",0,2003
"318","ADPF","638",2019-12-13,2022-03-24,"MIN. RICARDO LEWANDOWSKI",1,832
"319","ADPF","639",2019-12-17,2021-08-23,"MIN. RICARDO LEWANDOWSKI",1,615
"320","ADPF","640",2019-12-18,2023-10-30,"MIN. GILMAR MENDES",1,1412
"321","ADPF","641",2019-12-19,2020-10-21,"MIN. ROSA WEBER",1,307
"322","ADPF","642",2019-12-20,2025-06-06,"MIN. NUNES MARQUES",0,1995
"323","ADPF","643",2020-01-06,2024-03-11,"MIN. ROSA WEBER",1,1526
"324","ADPF","644",2020-01-08,2024-03-11,"MIN. ROSA WEBER",1,1524
"325","ADPF","645",2020-01-13,2020-04-30,"MIN. GILMAR MENDES",1,108
"326","ADPF","646",2020-01-24,2022-08-16,"MIN. DIAS TOFFOLI",1,935
"327","ADPF","647",2020-01-23,2022-03-15,"MIN. CÁRMEN LÚCIA",1,782
"328","ADPF","648",2020-02-03,2021-10-04,"MIN. CÁRMEN LÚCIA",1,609
"329","ADPF","649",2020-02-05,2022-03-29,"MIN. DIAS TOFFOLI",1,783
"330","ADPF","650",2020-02-06,2021-02-12,"MIN. CÁRMEN LÚCIA",1,372
"331","ADPF","651",2020-02-10,2022-11-09,"MIN. CÁRMEN LÚCIA",1,1003
"332","ADPF","652",2020-02-10,2020-03-25,"MIN. ALEXANDRE DE MORAES",1,44
"333","ADPF","653",2020-02-14,2020-05-04,"MIN. GILMAR MENDES",1,80
"334","ADPF","654",2020-02-20,2020-05-15,"MIN. MARCO AURÉLIO",1,85
"335","ADPF","655",2020-03-03,2020-11-25,"MIN. CÁRMEN LÚCIA",1,267
"336","ADPF","656",2020-03-03,2022-05-25,"MIN. RICARDO LEWANDOWSKI",1,813
"337","ADPF","657",2020-03-08,2025-06-06,"MIN. CRISTIANO ZANIN",0,1916
"338","ADPF","658",2020-03-09,2022-05-25,"MIN. RICARDO LEWANDOWSKI",1,807
"339","ADPF","659",2020-03-23,2022-05-17,"MIN. ROSA WEBER",1,785
"340","ADPF","660",2020-03-23,2020-04-30,"MIN. GILMAR MENDES",1,38
"341","ADPF","661",2020-03-23,2021-09-28,"MIN. ALEXANDRE DE MORAES",1,554
"342","ADPF","662",2020-03-24,2022-06-21,"MIN. GILMAR MENDES",1,819
"343","ADPF","663",2020-03-24,2021-09-30,"MIN. ALEXANDRE DE MORAES",1,555
"344","ADPF","664",2020-03-26,2021-05-13,"MIN. ALEXANDRE DE MORAES",1,413
"345","ADPF","665",2020-03-26,2022-06-27,"MIN. DIAS TOFFOLI",1,823
"346","ADPF","666",2020-03-26,2020-06-01,"MIN. ROSA WEBER",1,67
"347","ADPF","667",2020-03-27,2025-06-06,"MIN. GILMAR MENDES",0,1897
"348","ADPF","668",2020-03-30,2020-06-02,"MIN. LUÍS ROBERTO BARROSO",1,64
"349","ADPF","669",2020-03-30,2020-06-03,"MIN. LUÍS ROBERTO BARROSO",1,65
"350","ADPF","670",2020-03-30,2024-06-10,"MIN. ANDRÉ MENDONÇA",1,1533
"351","ADPF","671",2020-03-31,2020-08-20,"MIN. RICARDO LEWANDOWSKI",1,142
"352","ADPF","672",2020-04-01,2020-11-13,"MIN. ALEXANDRE DE MORAES",1,226
"353","ADPF","673",2020-04-02,2022-05-02,"MIN. DIAS TOFFOLI",1,760
"354","ADPF","674",2020-04-13,2022-04-05,"MIN. RICARDO LEWANDOWSKI",1,722
"355","ADPF","675",2020-04-14,2020-05-15,"MIN. CELSO DE MELLO",1,31
"356","ADPF","676",2020-04-20,2020-11-18,"MIN. ALEXANDRE DE MORAES",1,212
"357","ADPF","677",2020-04-22,2025-06-06,"MIN. CRISTIANO ZANIN",0,1871
"358","ADPF","678",2020-04-28,2020-05-26,"MIN. MARCO AURÉLIO",1,28
"359","ADPF","679",2020-05-04,2020-06-01,"MIN. LUIZ FUX",1,28
"360","ADPF","680",2020-05-06,2025-03-25,"MIN. ANDRÉ MENDONÇA",1,1784
"361","ADPF","681",2020-05-07,2022-04-01,"MIN. ALEXANDRE DE MORAES",1,694
"362","ADPF","682",2020-05-08,2020-06-16,"MIN. RICARDO LEWANDOWSKI",1,39
"363","ADPF","683",2020-05-11,2022-03-30,"MIN. ALEXANDRE DE MORAES",1,688
"364","ADPF","684",2020-05-13,2024-03-18,"MIN. NUNES MARQUES",1,1405
"365","ADPF","685",2020-05-27,2021-04-14,"MIN. CÁRMEN LÚCIA",1,322
"366","ADPF","686",2020-05-27,2021-11-11,"MIN. ROSA WEBER",1,533
"367","ADPF","687",2020-05-27,2020-08-17,"MIN. LUIZ FUX",1,82
"368","ADPF","688",2020-06-03,2021-02-03,"MIN. MARCO AURÉLIO",1,245
"369","ADPF","689",2020-06-08,2020-08-23,"MIN. GILMAR MENDES",1,76
"370","ADPF","690",2020-06-08,2021-04-28,"MIN. ALEXANDRE DE MORAES",1,324
"371","ADPF","691",2020-06-09,2021-04-28,"MIN. ALEXANDRE DE MORAES",1,323
"372","ADPF","692",2020-06-09,2021-04-28,"MIN. ALEXANDRE DE MORAES",1,323
"373","ADPF","693",2020-06-12,2022-03-28,"MIN. LUÍS ROBERTO BARROSO",1,654
"374","ADPF","694",2020-06-16,2021-10-19,"MIN. ALEXANDRE DE MORAES",1,490
"375","ADPF","695",2020-06-16,2023-06-30,"MIN. GILMAR MENDES",1,1109
"376","ADPF","696",2020-06-16,2021-08-06,"MIN. MARCO AURÉLIO",1,416
"377","ADPF","697",2020-06-18,2021-08-25,"MIN. CÁRMEN LÚCIA",1,433
"378","ADPF","698",2020-06-19,2020-08-21,"MIN. GILMAR MENDES",1,63
"379","ADPF","699",2020-06-19,2020-08-24,"MIN. GILMAR MENDES",1,66
"380","ADPF","700",2020-06-19,2020-08-21,"MIN. GILMAR MENDES",1,63
"381","ADPF","701",2020-06-22,2022-11-23,"MIN. NUNES MARQUES",1,884
"382","ADPF","702",2020-06-22,2022-11-23,"MIN. NUNES MARQUES",1,884
"383","ADPF","703",2020-06-22,2021-03-11,"MIN. ALEXANDRE DE MORAES",1,262
"384","ADPF","704",2020-06-23,2021-09-22,"MIN. EDSON FACHIN",1,456
"385","ADPF","705",2020-06-24,2021-08-20,"MIN. EDSON FACHIN",1,422
"386","ADPF","706",2020-06-30,2022-04-06,"MIN. ROSA WEBER",1,645
"387","ADPF","707",2020-06-30,2023-03-10,"MIN. NUNES MARQUES",1,983
"388","ADPF","708",2020-06-30,2023-06-19,"MIN. LUÍS ROBERTO BARROSO",1,1084
"389","ADPF","709",2020-07-01,2025-06-06,"MIN. LUÍS ROBERTO BARROSO",0,1801
"390","ADPF","710",2020-07-01,2021-08-18,"MIN. MARCO AURÉLIO",1,413
"391","ADPF","711",2020-07-02,2020-12-15,"MIN. ROSA WEBER",1,166
"392","ADPF","712",2020-07-02,2023-08-10,"MIN. NUNES MARQUES",1,1134
"393","ADPF","713",2020-07-07,2022-04-06,"MIN. ROSA WEBER",1,638
"394","ADPF","714",2020-07-06,2021-12-13,"MIN. GILMAR MENDES",1,525
"395","ADPF","715",2020-07-07,2021-03-08,"MIN. GILMAR MENDES",1,244
"396","ADPF","716",2020-07-07,2025-06-06,"MIN. ANDRÉ MENDONÇA",0,1795
"397","ADPF","717",2020-07-09,2022-11-17,"MIN. DIAS TOFFOLI",1,861
"398","ADPF","718",2020-07-09,2021-03-05,"MIN. GILMAR MENDES",1,239
"399","ADPF","719",2020-07-09,2021-09-22,"MIN. EDSON FACHIN",1,440
"400","ADPF","720",2020-07-15,2021-08-27,"MIN. RICARDO LEWANDOWSKI",1,408
"401","ADPF","721",2020-07-17,2021-09-22,"MIN. EDSON FACHIN",1,432
"402","ADPF","722",2020-07-27,2022-06-20,"MIN. CÁRMEN LÚCIA",1,693
"403","ADPF","723",2020-08-05,2021-04-27,"MIN. EDSON FACHIN",1,265
"404","ADPF","724",2020-08-12,2020-12-09,"MIN. MARCO AURÉLIO",1,119
"405","ADPF","725",2020-08-20,2020-12-07,"MIN. ALEXANDRE DE MORAES",1,109
"406","ADPF","726",2020-08-21,2021-08-25,"MIN. CÁRMEN LÚCIA",1,369
"407","ADPF","727",2020-08-24,2023-09-19,"MIN. NUNES MARQUES",1,1121
"408","ADPF","728",2020-08-25,2021-05-04,"MIN. NUNES MARQUES",1,252
"409","ADPF","729",2020-08-25,2020-12-09,"MIN. CÁRMEN LÚCIA",1,106
"410","ADPF","730",2020-08-25,2023-09-25,"MIN. GILMAR MENDES",1,1126
"411","ADPF","731",2020-08-25,2021-04-14,"MIN. CÁRMEN LÚCIA",1,232
"412","ADPF","732",2020-08-25,2021-05-27,"MIN. RICARDO LEWANDOWSKI",1,275
"413","ADPF","733",2020-08-26,2020-09-25,"MIN. GILMAR MENDES",1,30
"414","ADPF","734",2020-08-28,2023-05-15,"MIN. DIAS TOFFOLI",1,990
"415","ADPF","735",2020-09-01,2023-02-15,"MIN. CÁRMEN LÚCIA",1,897
"416","ADPF","736",2020-09-03,2020-10-05,"MIN. ROSA WEBER",1,32
"417","ADPF","737",2020-09-03,2021-09-27,"MIN. RICARDO LEWANDOWSKI",1,389
"418","ADPF","738",2020-09-03,2021-08-05,"MIN. RICARDO LEWANDOWSKI",1,336
"419","ADPF","739",2020-09-08,2021-02-10,"MIN. CÁRMEN LÚCIA",1,155
"420","ADPF","740",2020-09-09,2020-11-19,"MIN. ROSA WEBER",1,71
"421","ADPF","741",2020-09-10,2020-10-20,"MIN. MARCO AURÉLIO",1,40
"422","ADPF","742",2020-09-10,2025-06-06,"MIN. EDSON FACHIN",0,1730
"423","ADPF","743",2020-09-18,2024-06-19,"MIN. FLÁVIO DINO",1,1370
"424","ADPF","744",2020-09-18,2023-03-01,"MIN. DIAS TOFFOLI",1,894
"425","ADPF","745",2020-09-18,2023-12-18,"MIN. CÁRMEN LÚCIA",1,1186
"426","ADPF","746",2020-09-25,2024-06-19,"MIN. ANDRÉ MENDONÇA",1,1363
"427","ADPF","747",2020-09-30,2022-02-09,"MIN. ROSA WEBER",1,497
"428","ADPF","748",2020-10-01,2022-08-16,"MIN. ROSA WEBER",1,684
"429","ADPF","749",2020-10-02,2022-02-09,"MIN. ROSA WEBER",1,495
"430","ADPF","750",2020-10-06,2021-12-15,"MIN. CÁRMEN LÚCIA",1,435
"431","ADPF","751",2020-10-06,2023-03-01,"MIN. DIAS TOFFOLI",1,876
"432","ADPF","752",2020-10-08,2021-02-09,"MIN. GILMAR MENDES",1,124
"433","ADPF","753",2020-10-16,2021-05-18,"MIN. RICARDO LEWANDOWSKI",1,214
"434","ADPF","754",2020-10-22,2023-09-26,"MIN. CRISTIANO ZANIN",1,1069
"435","ADPF","755",2020-10-22,2024-02-23,"MIN. LUIZ FUX",1,1219
"436","ADPF","756",2020-10-23,2023-09-19,"MIN. CRISTIANO ZANIN",1,1061
"437","ADPF","757",2020-10-28,2021-04-27,"MIN. CÁRMEN LÚCIA",1,181
"438","ADPF","758",2020-11-04,2025-06-06,"MIN. GILMAR MENDES",0,1675
"439","ADPF","759",2020-11-06,2025-06-06,"MIN. EDSON FACHIN",0,1673
"440","ADPF","760",2020-11-12,2024-08-05,"MIN. ANDRÉ MENDONÇA",1,1362
"441","ADPF","761",2020-11-12,2023-03-07,"MIN. NUNES MARQUES",1,845
"442","ADPF","762",2020-11-12,2025-06-06,"MIN. ANDRÉ MENDONÇA",0,1667
"443","ADPF","763",2020-11-13,2022-11-28,"MIN. ANDRÉ MENDONÇA",1,745
"444","ADPF","764",2020-11-25,2021-10-08,"MIN. GILMAR MENDES",1,317
"445","ADPF","765",2020-11-26,2025-06-06,"MIN. CÁRMEN LÚCIA",0,1653
"446","ADPF","766",2020-11-27,2025-06-06,"MIN. NUNES MARQUES",0,1652
"447","ADPF","767",2020-11-27,2023-03-10,"MIN. NUNES MARQUES",1,833
"448","ADPF","768",2020-12-07,2021-02-24,"MIN. DIAS TOFFOLI",1,79
"449","ADPF","769",2020-12-09,2025-06-06,"MIN. ANDRÉ MENDONÇA",0,1640
"450","ADPF","770",2020-12-09,2023-11-28,"MIN. CRISTIANO ZANIN",1,1084
"451","ADPF","771",2020-12-11,2021-10-19,"MIN. ALEXANDRE DE MORAES",1,312
"452","ADPF","772",2020-12-11,2023-08-12,"MIN. EDSON FACHIN",1,974
"453","ADPF","773",2020-12-14,2021-05-10,"MIN. RICARDO LEWANDOWSKI",1,147
"454","ADPF","774",2020-12-15,2025-06-06,"MIN. ANDRÉ MENDONÇA",0,1634
"455","ADPF","775",2020-12-15,2024-08-30,"MIN. NUNES MARQUES",1,1354
"456","ADPF","776",2020-12-15,2023-08-14,"MIN. GILMAR MENDES",1,972
"457","ADPF","777",2020-12-17,2025-05-14,"MIN. CÁRMEN LÚCIA",1,1609
"458","ADPF","778",2021-01-06,2022-03-15,"MIN. CÁRMEN LÚCIA",1,433
"459","ADPF","779",2021-01-06,2023-10-30,"MIN. DIAS TOFFOLI",1,1027
"460","ADPF","780",2021-01-07,2021-03-10,"MIN. DIAS TOFFOLI",1,62
"461","ADPF","781",2021-01-07,2021-04-01,"MIN. EDSON FACHIN",1,84
"462","ADPF","782",2021-01-08,2021-06-14,"MIN. ROSA WEBER",1,157
"463","ADPF","783",2021-01-11,2023-05-15,"MIN. DIAS TOFFOLI",1,854
"464","ADPF","784",2021-01-21,2021-02-25,"MIN. MARCO AURÉLIO",1,35
"465","ADPF","785",2021-01-25,2022-04-05,"MIN. RICARDO LEWANDOWSKI",1,435
"466","ADPF","786",2021-01-26,2021-03-15,"MIN. ALEXANDRE DE MORAES",1,48
"467","ADPF","787",2021-02-01,2025-02-07,"MIN. GILMAR MENDES",1,1467
"468","ADPF","788",2021-02-03,2023-06-30,"MIN. RICARDO LEWANDOWSKI",1,877
"469","ADPF","789",2021-02-11,2021-09-16,"MIN. LUÍS ROBERTO BARROSO",1,217
"470","ADPF","790",2021-02-11,2025-05-27,"MIN. ANDRÉ MENDONÇA",1,1566
"471","ADPF","791",2021-02-19,2023-02-28,"MIN. ALEXANDRE DE MORAES",1,739
"472","ADPF","792",2021-02-19,2023-02-28,"MIN. ALEXANDRE DE MORAES",1,739
"473","ADPF","793",2021-02-23,2022-02-25,"MIN. ROSA WEBER",1,367
"474","ADPF","794",2021-02-25,2021-06-24,"MIN. GILMAR MENDES",1,119
"475","ADPF","795",2021-03-02,2023-02-22,"MIN. NUNES MARQUES",1,722
"476","ADPF","796",2021-03-02,2021-05-28,"MIN. RICARDO LEWANDOWSKI",1,87
"477","ADPF","797",2021-03-03,2023-10-17,"MIN. GILMAR MENDES",1,958
"478","ADPF","798",2021-03-03,2023-02-21,"MIN. NUNES MARQUES",1,720
"479","ADPF","799",2021-03-04,2023-10-17,"MIN. GILMAR MENDES",1,957
"480","ADPF","800",2021-03-05,2025-06-06,"MIN. RICARDO LEWANDOWSKI",0,1554
"481","ADPF","801",2021-03-12,2022-09-26,"MIN. DIAS TOFFOLI",1,563
"482","ADPF","802",2021-03-12,2021-08-09,"MIN. NUNES MARQUES",1,150
"483","ADPF","803",2021-03-12,2021-06-01,"MIN. ALEXANDRE DE MORAES",1,81
"484","ADPF","804",2021-03-12,2022-09-26,"MIN. ALEXANDRE DE MORAES",1,563
"485","ADPF","805",2021-03-15,2023-05-30,"MIN. LUÍS ROBERTO BARROSO",1,806
"486","ADPF","806",2021-03-16,2021-04-22,"MIN. MARCO AURÉLIO",1,37
"487","ADPF","807",2021-03-16,2024-09-04,"MIN. NUNES MARQUES",1,1268
"488","ADPF","808",2021-03-17,2024-06-14,"MIN. ANDRÉ MENDONÇA",1,1185
"489","ADPF","809",2021-03-17,2025-06-06,"MIN. NUNES MARQUES",0,1542
"490","ADPF","810",2021-03-18,2021-04-29,"MIN. GILMAR MENDES",1,42
"491","ADPF","811",2021-03-19,2021-08-06,"MIN. GILMAR MENDES",1,140
"492","ADPF","812",2021-03-19,2022-02-23,"MIN. RICARDO LEWANDOWSKI",1,341
"493","ADPF","813",2021-03-19,2021-08-23,"MIN. RICARDO LEWANDOWSKI",1,157
"494","ADPF","814",2021-03-22,2021-06-15,"MIN. GILMAR MENDES",1,85
"495","ADPF","815",2021-03-24,2024-01-26,"MIN. GILMAR MENDES",1,1038
"496","ADPF","816",2021-03-25,2023-10-17,"MIN. GILMAR MENDES",1,936
"497","ADPF","817",2021-03-29,2025-06-06,"MIN. LUIZ FUX",0,1530
"498","ADPF","818",2021-04-05,2023-02-09,"MIN. LUÍS ROBERTO BARROSO",1,675
"499","ADPF","819",2021-04-05,2025-04-07,"MIN. GILMAR MENDES",1,1463
"500","ADPF","820",2021-04-05,2021-09-30,"MIN. NUNES MARQUES",1,178
"501","ADPF","821",2021-04-07,2023-10-17,"MIN. GILMAR MENDES",1,923
"502","ADPF","822",2021-04-08,2023-06-07,"MIN. MARCO AURÉLIO",1,790
"503","ADPF","823",2021-04-08,2022-02-02,"MIN. ROSA WEBER",1,300
"504","ADPF","824",2021-04-09,2025-03-19,"MIN. NUNES MARQUES",1,1440
"505","ADPF","825",2021-04-09,2021-12-06,"MIN. MARCO AURÉLIO",1,241
"506","ADPF","826",2021-04-13,2025-06-06,"MIN. GILMAR MENDES",0,1515
"507","ADPF","827",2021-04-13,2021-08-25,"MIN. EDSON FACHIN",1,134
"508","ADPF","828",2021-04-15,2025-06-06,"MIN. LUÍS ROBERTO BARROSO",0,1513
"509","ADPF","829",2021-04-16,2021-06-29,"MIN. RICARDO LEWANDOWSKI",1,74
"510","ADPF","830",2021-04-16,2021-06-14,"MIN. RICARDO LEWANDOWSKI",1,59
"511","ADPF","831",2021-04-22,2025-02-24,"MIN. LUIZ FUX",1,1404
"512","ADPF","832",2021-04-28,2023-05-15,"MIN. LUÍS ROBERTO BARROSO",1,747
"513","ADPF","833",2021-04-28,2022-09-05,"MIN. NUNES MARQUES",1,495
"514","ADPF","834",2021-04-30,2023-04-24,"MIN. CÁRMEN LÚCIA",1,724
"515","ADPF","835",2021-05-03,2024-02-02,"MIN. LUIZ FUX",1,1005
"516","ADPF","836",2021-05-03,2021-08-24,"MIN. CÁRMEN LÚCIA",1,113
"517","ADPF","837",2021-05-03,2025-06-06,"MIN. ANDRÉ MENDONÇA",0,1495
"518","ADPF","838",2021-05-05,2022-08-31,"MIN. RICARDO LEWANDOWSKI",1,483
"519","ADPF","839",2021-05-06,2021-08-23,"MIN. RICARDO LEWANDOWSKI",1,109
"520","ADPF","840",2021-05-06,2021-09-10,"MIN. RICARDO LEWANDOWSKI",1,127
"521","ADPF","841",2021-05-06,2021-10-08,"MIN. GILMAR MENDES",1,155
"522","ADPF","842",2021-05-06,2023-03-20,"MIN. DIAS TOFFOLI",1,683
"523","ADPF","843",2021-05-11,2021-12-10,"MIN. CÁRMEN LÚCIA",1,213
"524","ADPF","844",2021-05-18,2022-09-14,"MIN. EDSON FACHIN",1,484
"525","ADPF","845",2021-05-21,2023-06-15,"MIN. EDSON FACHIN",1,755
"526","ADPF","846",2021-05-21,2021-08-18,"MIN. RICARDO LEWANDOWSKI",1,89
"527","ADPF","847",2021-05-24,2025-06-06,"MIN. DIAS TOFFOLI",0,1474
"528","ADPF","848",2021-05-31,2022-08-12,"MIN. ROSA WEBER",1,438
"529","ADPF","849",2021-06-02,2021-10-14,"MIN. CÁRMEN LÚCIA",1,134
"530","ADPF","850",2021-06-08,2023-09-15,"MIN. ROSA WEBER",1,829
"531","ADPF","851",2021-06-08,2023-05-09,"MIN. ROSA WEBER",1,700
"532","ADPF","852",2021-06-14,2023-04-17,"MIN. CÁRMEN LÚCIA",1,672
"533","ADPF","853",2021-06-15,2024-09-27,"MIN. EDSON FACHIN",1,1200
"534","ADPF","854",2021-06-15,2023-05-09,"MIN. FLÁVIO DINO",1,693
"535","ADPF","855",2021-06-16,2023-02-28,"MIN. ALEXANDRE DE MORAES",1,622
"536","ADPF","856",2021-06-18,2022-09-27,"MIN. DIAS TOFFOLI",1,466
"537","ADPF","857",2021-06-22,2024-06-21,"MIN. ANDRÉ MENDONÇA",1,1095
"538","ADPF","858",2021-06-22,2023-09-22,"MIN. NUNES MARQUES",1,822
"539","ADPF","859",2021-06-30,2021-11-04,"MIN. NUNES MARQUES",1,127
"540","ADPF","860",2021-06-30,2023-02-23,"MIN. LUÍS ROBERTO BARROSO",1,603
"541","ADPF","861",2021-06-30,2022-02-22,"MIN. LUÍS ROBERTO BARROSO",1,237
"542","ADPF","862",2021-06-30,2025-02-11,"MIN. LUIZ FUX",1,1322
"543","ADPF","863",2021-07-01,2025-06-06,"MIN. CRISTIANO ZANIN",0,1436
"544","ADPF","864",2021-07-02,2022-03-04,"MIN. RICARDO LEWANDOWSKI",1,245
"545","ADPF","865",2021-07-02,2023-02-02,"MIN. LUÍS ROBERTO BARROSO",1,580
"546","ADPF","866",2021-07-09,2021-08-25,"MIN. ALEXANDRE DE MORAES",1,47
"547","ADPF","867",2021-07-15,2025-06-06,"MIN. NUNES MARQUES",0,1422
"548","ADPF","868",2021-07-19,2024-09-04,"MIN. NUNES MARQUES",1,1143
"549","ADPF","869",2021-07-21,2022-12-02,"MIN. ALEXANDRE DE MORAES",1,499
"550","ADPF","870",2021-07-31,2025-06-06,"MIN. GILMAR MENDES",0,1406
"551","ADPF","871",2021-08-02,2021-12-15,"MIN. CÁRMEN LÚCIA",1,135
"552","ADPF","872",2021-08-02,2023-09-05,"MIN. CÁRMEN LÚCIA",1,764
"553","ADPF","873",2021-08-05,2023-03-10,"MIN. LUÍS ROBERTO BARROSO",1,582
"554","ADPF","874",2021-08-10,2022-03-24,"MIN. DIAS TOFFOLI",1,226
"555","ADPF","875",2021-08-12,2025-06-06,"MIN. NUNES MARQUES",0,1394
"556","ADPF","876",2021-08-19,2025-06-06,"MIN. RICARDO LEWANDOWSKI",0,1387
"557","ADPF","877",2021-08-20,2025-06-06,"MIN. EDSON FACHIN",0,1386
"558","ADPF","878",2021-08-26,2023-06-15,"MIN. EDSON FACHIN",1,658
"559","ADPF","879",2021-09-01,2023-02-23,"MIN. LUÍS ROBERTO BARROSO",1,540
"560","ADPF","880",2021-09-03,2022-06-24,"MIN. DIAS TOFFOLI",1,294
"561","ADPF","881",2021-09-13,2025-06-06,"MIN. DIAS TOFFOLI",0,1362
"562","ADPF","882",2021-09-20,2022-02-14,"MIN. ALEXANDRE DE MORAES",1,147
"563","ADPF","883",2021-09-21,2022-02-16,"MIN. EDSON FACHIN",1,148
"564","ADPF","884",2021-09-22,2022-03-25,"MIN. CÁRMEN LÚCIA",1,184
"565","ADPF","885",2021-09-27,2023-08-03,"MIN. DIAS TOFFOLI",1,675
"566","ADPF","886",2021-09-27,2022-03-15,"MIN. NUNES MARQUES",1,169
"567","ADPF","887",2021-10-06,2025-01-21,"MIN. NUNES MARQUES",1,1203
"568","ADPF","888",2021-10-08,2022-02-09,"MIN. ALEXANDRE DE MORAES",1,124
"569","ADPF","889",2021-10-13,2025-06-06,"MIN. EDSON FACHIN",0,1332
"570","ADPF","890",2021-10-14,2022-03-23,"MIN. DIAS TOFFOLI",1,160
"571","ADPF","891",2021-10-18,2022-06-09,"MIN. ALEXANDRE DE MORAES",1,234
"572","ADPF","892",2021-10-18,2024-10-08,"MIN. CRISTIANO ZANIN",1,1086
"573","ADPF","893",2021-10-19,2022-09-16,"MIN. CÁRMEN LÚCIA",1,332
"574","ADPF","894",2021-10-26,2021-11-26,"MIN. LUÍS ROBERTO BARROSO",1,31
"575","ADPF","895",2021-10-27,2021-12-14,"MIN. CÁRMEN LÚCIA",1,48
"576","ADPF","896",2021-10-28,2023-05-04,"MIN. ROSA WEBER",1,553
"577","ADPF","897",2021-11-03,2023-03-24,"MIN. DIAS TOFFOLI",1,506
"578","ADPF","898",2021-11-03,2022-12-19,"MIN. LUÍS ROBERTO BARROSO",1,411
"579","ADPF","899",2021-11-03,2025-06-06,"MIN. GILMAR MENDES",0,1311
"580","ADPF","900",2021-11-04,2023-03-10,"MIN. LUÍS ROBERTO BARROSO",1,491
"581","ADPF","901",2021-11-04,2022-12-19,"MIN. LUÍS ROBERTO BARROSO",1,410
"582","ADPF","902",2021-11-08,2023-04-13,"MIN. DIAS TOFFOLI",1,521
"583","ADPF","903",2021-11-09,2021-12-17,"MIN. CÁRMEN LÚCIA",1,38
"584","ADPF","904",2021-11-09,2022-04-22,"MIN. LUÍS ROBERTO BARROSO",1,164
"585","ADPF","905",2021-11-09,2022-12-19,"MIN. LUÍS ROBERTO BARROSO",1,405
"586","ADPF","906",2021-11-10,2024-03-19,"MIN. NUNES MARQUES",1,860
"587","ADPF","907",2021-11-11,2022-12-19,"MIN. LUÍS ROBERTO BARROSO",1,403
"588","ADPF","908",2021-11-11,2024-03-19,"MIN. NUNES MARQUES",1,859
"589","ADPF","909",2021-11-19,2022-02-07,"MIN. ROSA WEBER",1,80
"590","ADPF","910",2021-11-23,2023-08-09,"MIN. CÁRMEN LÚCIA",1,624
"591","ADPF","911",2021-11-23,2023-05-30,"MIN. LUÍS ROBERTO BARROSO",1,553
"592","ADPF","912",2021-11-23,2022-04-12,"MIN. ALEXANDRE DE MORAES",1,140
"593","ADPF","913",2021-11-29,2022-12-02,"MIN. LUÍS ROBERTO BARROSO",1,368
"594","ADPF","914",2021-11-30,2022-02-14,"MIN. DIAS TOFFOLI",1,76
"595","ADPF","915",2021-12-01,2022-09-08,"MIN. RICARDO LEWANDOWSKI",1,281
"596","ADPF","916",2021-12-02,2022-02-22,"MIN. CÁRMEN LÚCIA",1,82
"597","ADPF","917",2021-12-02,2022-12-02,"MIN. LUÍS ROBERTO BARROSO",1,365
"598","ADPF","918",2021-12-03,2023-06-15,"MIN. EDSON FACHIN",1,559
"599","ADPF","919",2021-12-03,2025-06-06,"MIN. ALEXANDRE DE MORAES",0,1281
"600","ADPF","921",2021-12-09,2024-12-10,"MIN. NUNES MARQUES",1,1097
"601","ADPF","922",2021-12-13,2023-07-03,"MIN. LUÍS ROBERTO BARROSO",1,567
"602","ADPF","923",2021-12-14,2022-10-27,"MIN. DIAS TOFFOLI",1,317
"603","ADPF","924",2021-12-16,2024-12-10,"MIN. NUNES MARQUES",1,1090
"604","ADPF","925",2021-12-17,2025-06-06,"MIN. ANDRÉ MENDONÇA",0,1267
"605","ADPF","926",2021-12-17,2023-05-09,"MIN. DIAS TOFFOLI",1,508
"606","ADPF","927",2021-12-17,2022-03-30,"MIN. CÁRMEN LÚCIA",1,103
"607","ADPF","928",2021-12-23,2025-06-06,"MIN. ANDRÉ MENDONÇA",0,1261
"608","ADPF","929",2021-12-29,2022-03-30,"MIN. CÁRMEN LÚCIA",1,91
"609","ADPF","930",2021-12-30,2022-08-23,"MIN. DIAS TOFFOLI",1,236
"610","ADPF","931",2021-12-30,2022-08-23,"MIN. DIAS TOFFOLI",1,236
"611","ADPF","932",2022-01-04,2023-03-24,"MIN. DIAS TOFFOLI",1,444
"612","ADPF","933",2022-01-10,2022-03-14,"MIN. NUNES MARQUES",1,63
"613","ADPF","934",2022-01-10,2025-06-06,"MIN. NUNES MARQUES",0,1243
"614","ADPF","935",2022-01-17,2025-06-06,"MIN. CRISTIANO ZANIN",0,1236
"615","ADPF","936",2022-01-19,2024-11-11,"MIN. DIAS TOFFOLI",1,1027
"616","ADPF","937",2022-01-21,2025-06-06,"MIN. CRISTIANO ZANIN",0,1232
"617","ADPF","938",2022-02-01,2023-06-26,"MIN. NUNES MARQUES",1,510
"618","ADPF","939",2022-02-02,2022-05-16,"MIN. ROSA WEBER",1,103
"619","ADPF","940",2022-02-07,2023-10-24,"MIN. LUÍS ROBERTO BARROSO",1,624
"620","ADPF","941",2022-02-07,2022-06-25,"MIN. ALEXANDRE DE MORAES",1,138
"621","ADPF","942",2022-02-08,2025-06-04,"MIN. CRISTIANO ZANIN",1,1212
"622","ADPF","944",2022-02-15,2025-06-06,"MIN. FLÁVIO DINO",0,1207
"623","ADPF","945",2022-02-15,2023-08-15,"MIN. NUNES MARQUES",1,546
"624","ADPF","946",2022-02-18,2025-03-06,"MIN. LUÍS ROBERTO BARROSO",1,1112
"625","ADPF","947",2022-02-22,2022-04-27,"MIN. RICARDO LEWANDOWSKI",1,64
"626","ADPF","948",2022-03-02,2022-10-17,"MIN. ALEXANDRE DE MORAES",1,229
"627","ADPF","949",2022-03-07,2024-08-21,"MIN. NUNES MARQUES",1,898
"628","ADPF","950",2022-03-11,2022-09-23,"MIN. EDSON FACHIN",1,196
"629","ADPF","951",2022-03-11,2024-02-16,"MIN. ALEXANDRE DE MORAES",1,707
"630","ADPF","952",2022-03-18,2022-10-17,"MIN. ALEXANDRE DE MORAES",1,213
"631","ADPF","953",2022-03-18,2022-04-18,"MIN. GILMAR MENDES",1,31
"632","ADPF","954",2022-03-21,2022-04-19,"MIN. ANDRÉ MENDONÇA",1,29
"633","ADPF","955",2022-03-22,2022-08-24,"MIN. ANDRÉ MENDONÇA",1,155
"634","ADPF","956",2022-03-30,2024-06-07,"MIN. ANDRÉ MENDONÇA",1,800
"635","ADPF","957",2022-04-06,2022-08-04,"MIN. ALEXANDRE DE MORAES",1,120
"636","ADPF","958",2022-04-06,2023-09-01,"MIN. EDSON FACHIN",1,513
"637","ADPF","959",2022-04-08,2024-02-07,"MIN. NUNES MARQUES",1,670
"638","ADPF","960",2022-04-18,2023-02-14,"MIN. LUÍS ROBERTO BARROSO",1,302
"639","ADPF","961",2022-04-18,2023-08-24,"MIN. ANDRÉ MENDONÇA",1,493
"640","ADPF","962",2022-04-19,2024-06-26,"MIN. GILMAR MENDES",1,799
"641","ADPF","963",2022-04-20,2022-08-24,"MIN. ALEXANDRE DE MORAES",1,126
"642","ADPF","964",2022-04-22,2023-08-25,"MIN. ROSA WEBER",1,490
"643","ADPF","965",2022-04-22,2023-08-25,"MIN. ROSA WEBER",1,490
"644","ADPF","966",2022-04-22,2023-08-25,"MIN. ROSA WEBER",1,490
"645","ADPF","967",2022-04-25,2023-08-25,"MIN. ROSA WEBER",1,487
"646","ADPF","968",2022-04-27,2023-12-11,"MIN. EDSON FACHIN",1,593
"647","ADPF","969",2022-05-01,2023-10-25,"MIN. GILMAR MENDES",1,542
"648","ADPF","970",2022-05-01,2022-05-25,"MIN. GILMAR MENDES",1,24
"649","ADPF","971",2022-05-06,2023-08-14,"MIN. GILMAR MENDES",1,465
"650","ADPF","972",2022-05-13,2025-06-06,"MIN. EDSON FACHIN",0,1120
"651","ADPF","973",2022-05-13,2025-06-06,"MIN. LUIZ FUX",0,1120
"652","ADPF","974",2022-05-18,2023-02-27,"MIN. ANDRÉ MENDONÇA",1,285
"653","ADPF","975",2022-05-23,2022-10-26,"MIN. CÁRMEN LÚCIA",1,156
"654","ADPF","976",2022-05-23,2025-06-06,"MIN. ALEXANDRE DE MORAES",0,1110
"655","ADPF","977",2022-05-26,2025-06-06,"MIN. ANDRÉ MENDONÇA",0,1107
"656","ADPF","978",2022-05-27,2022-10-14,"MIN. CÁRMEN LÚCIA",1,140
"657","ADPF","979",2022-05-31,2023-08-03,"MIN. EDSON FACHIN",1,429
"658","ADPF","980",2022-06-01,2023-03-20,"MIN. DIAS TOFFOLI",1,292
"659","ADPF","981",2022-06-02,2023-04-11,"MIN. GILMAR MENDES",1,313
"660","ADPF","982",2022-06-10,2025-03-25,"MIN. FLÁVIO DINO",1,1019
"661","ADPF","983",2022-06-14,2023-12-22,"MIN. NUNES MARQUES",1,556
"662","ADPF","984",2022-06-15,2024-03-08,"MIN. GILMAR MENDES",1,632
"663","ADPF","985",2022-06-15,2024-08-19,"MIN. NUNES MARQUES",1,796
"664","ADPF","986",2022-06-15,2023-04-10,"MIN. LUÍS ROBERTO BARROSO",1,299
"665","ADPF","987",2022-06-24,2025-06-06,"MIN. GILMAR MENDES",0,1078
"666","ADPF","988",2022-06-27,2022-11-07,"MIN. CÁRMEN LÚCIA",1,133
"667","ADPF","989",2022-06-30,2025-06-06,"MIN. EDSON FACHIN",0,1072
"668","ADPF","990",2022-06-30,2023-02-09,"MIN. LUÍS ROBERTO BARROSO",1,224
"669","ADPF","991",2022-06-30,2025-06-06,"MIN. EDSON FACHIN",0,1072
"670","ADPF","992",2022-07-04,2025-06-06,"MIN. GILMAR MENDES",0,1068
"671","ADPF","993",2022-07-04,2022-09-27,"MIN. ANDRÉ MENDONÇA",1,85
"672","ADPF","994",2022-07-05,2022-08-24,"MIN. CÁRMEN LÚCIA",1,50
"673","ADPF","995",2022-07-13,2023-10-19,"MIN. ALEXANDRE DE MORAES",1,463
"674","ADPF","996",2022-07-18,2022-11-22,"MIN. GILMAR MENDES",1,127
"675","ADPF","997",2022-08-03,2024-10-12,"MIN. DIAS TOFFOLI",1,801
"676","ADPF","998",2022-08-03,2022-10-13,"MIN. CÁRMEN LÚCIA",1,71
"677","ADPF","999",2022-08-05,2023-03-17,"MIN. LUÍS ROBERTO BARROSO",1,224
"678","ADPF","1000",2022-08-11,2023-08-16,"MIN. CÁRMEN LÚCIA",1,370
"679","ADPF","1001",2022-08-11,2023-06-20,"MIN. ALEXANDRE DE MORAES",1,313
"680","ADPF","1002",2022-08-15,2023-04-20,"MIN. CÁRMEN LÚCIA",1,248
"681","ADPF","1003",2022-08-15,2023-02-28,"MIN. DIAS TOFFOLI",1,197
"682","ADPF","1004",2022-08-19,2024-10-21,"MIN. LUIZ FUX",1,794
"683","ADPF","1005",2022-08-26,2025-06-06,"MIN. ANDRÉ MENDONÇA",0,1015
"684","ADPF","1006",2022-08-26,2025-06-06,"MIN. ANDRÉ MENDONÇA",0,1015
"685","ADPF","1007",2022-08-31,2023-02-27,"MIN. ANDRÉ MENDONÇA",1,180
"686","ADPF","1008",2022-09-09,2023-06-30,"MIN. CÁRMEN LÚCIA",1,294
"687","ADPF","1009",2022-09-12,2025-06-06,"MIN. CÁRMEN LÚCIA",0,998
"688","ADPF","1010",2022-09-13,2022-11-11,"MIN. EDSON FACHIN",1,59
"689","ADPF","1011",2022-09-14,2024-08-09,"MIN. GILMAR MENDES",1,695
"690","ADPF","1012",2022-09-23,2023-03-09,"MIN. EDSON FACHIN",1,167
"691","ADPF","1013",2022-09-28,2024-08-07,"MIN. LUÍS ROBERTO BARROSO",1,679
"692","ADPF","1014",2022-09-29,2025-04-23,"MIN. FLÁVIO DINO",1,937
"693","ADPF","1015",2022-10-13,2023-05-04,"MIN. CÁRMEN LÚCIA",1,203
"694","ADPF","1016",2022-10-18,2023-05-09,"MIN. DIAS TOFFOLI",1,203
"695","ADPF","1017",2022-10-21,2025-06-06,"MIN. GILMAR MENDES",0,959
"696","ADPF","1018",2022-10-24,2022-12-02,"MIN. EDSON FACHIN",1,39
"697","ADPF","1019",2022-10-24,2022-12-07,"MIN. EDSON FACHIN",1,44
"698","ADPF","1020",2022-10-24,2023-04-03,"MIN. DIAS TOFFOLI",1,161
"699","ADPF","1021",2022-10-26,2024-12-18,"MIN. DIAS TOFFOLI",1,784
"700","ADPF","1023",2022-10-27,2024-05-21,"MIN. DIAS TOFFOLI",1,572
"701","ADPF","1024",2022-11-03,2023-02-02,"MIN. RICARDO LEWANDOWSKI",1,91
"702","ADPF","1025",2022-11-08,2025-06-06,"MIN. ANDRÉ MENDONÇA",0,941
"703","ADPF","1026",2022-11-09,2025-06-06,"MIN. ANDRÉ MENDONÇA",0,940
"704","ADPF","1027",2022-11-14,2025-06-06,"MIN. EDSON FACHIN",0,935
"705","ADPF","1028",2022-11-16,2025-06-06,"MIN. EDSON FACHIN",0,933
"706","ADPF","1029",2022-11-16,2025-06-06,"MIN. EDSON FACHIN",0,933
"707","ADPF","1030",2022-11-16,2024-06-27,"MIN. FLÁVIO DINO",1,589
"708","ADPF","1031",2022-11-18,2024-10-24,"MIN. NUNES MARQUES",1,706
"709","ADPF","1032",2022-11-29,2025-06-06,"MIN. ANDRÉ MENDONÇA",0,920
"710","ADPF","1033",2022-12-02,2025-06-06,"MIN. ANDRÉ MENDONÇA",0,917
"711","ADPF","1034",2022-12-06,2023-05-15,"MIN. ALEXANDRE DE MORAES",1,160
"712","ADPF","1035",2022-12-09,2023-03-24,"MIN. DIAS TOFFOLI",1,105
"713","ADPF","1036",2022-12-12,2025-03-21,"MIN. NUNES MARQUES",1,830
"714","ADPF","1037",2022-12-19,2024-08-30,"MIN. GILMAR MENDES",1,620
"715","ADPF","1038",2022-12-21,2025-06-06,"MIN. LUIZ FUX",0,898
"716","ADPF","1039",2022-12-28,2023-05-02,"MIN. ALEXANDRE DE MORAES",1,125
"717","ADPF","1040",2022-12-29,2025-06-06,"MIN. ANDRÉ MENDONÇA",0,890
"718","ADPF","1041",2023-01-09,2023-05-26,"MIN. LUÍS ROBERTO BARROSO",1,137
"719","ADPF","1042",2023-01-18,2025-05-07,"MIN. CRISTIANO ZANIN",1,840
"720","ADPF","1043",2023-01-19,2024-03-25,"MIN. CRISTIANO ZANIN",1,431
"721","ADPF","1044",2023-02-13,2023-05-18,"MIN. GILMAR MENDES",1,94
"722","ADPF","1045",2023-02-14,2024-06-29,"MIN. LUIZ FUX",1,501
"723","ADPF","1046",2023-02-14,2025-06-06,"MIN. EDSON FACHIN",0,843
"724","ADPF","1047",2023-02-27,2025-06-06,"MIN. ANDRÉ MENDONÇA",0,830
"725","ADPF","1048",2023-03-01,2023-04-04,"MIN. DIAS TOFFOLI",1,34
"726","ADPF","1049",2023-03-15,2023-04-17,"MIN. CÁRMEN LÚCIA",1,33
"727","ADPF","1050",2023-03-23,2025-06-06,"MIN. ALEXANDRE DE MORAES",0,806
"728","ADPF","1051",2023-03-29,2025-06-06,"MIN. ANDRÉ MENDONÇA",0,800
"729","ADPF","1052",2023-04-03,2023-06-16,"MIN. CÁRMEN LÚCIA",1,74
"730","ADPF","1053",2023-04-03,2025-06-06,"MIN. NUNES MARQUES",0,795
"731","ADPF","1054",2023-04-10,2025-06-06,"MIN. CRISTIANO ZANIN",0,788
"732","ADPF","1055",2023-04-10,2025-06-06,"MIN. LUIZ FUX",0,788
"733","ADPF","1056",2023-04-10,2023-12-18,"MIN. ALEXANDRE DE MORAES",1,252
"734","ADPF","1057",2023-04-14,2025-06-06,"MIN. LUIZ FUX",0,784
"735","ADPF","1058",2023-04-14,2025-06-06,"MIN. GILMAR MENDES",0,784
"736","ADPF","1059",2023-04-18,2025-06-06,"MIN. EDSON FACHIN",0,780
"737","ADPF","1060",2023-04-26,2025-06-06,"MIN. DIAS TOFFOLI",0,772
"738","ADPF","1061",2023-04-27,2024-02-22,"MIN. DIAS TOFFOLI",1,301
"739","ADPF","1062",2023-05-05,2023-06-06,"MIN. CÁRMEN LÚCIA",1,32
"740","ADPF","1063",2023-05-11,2024-02-14,"MIN. ALEXANDRE DE MORAES",1,279
"741","ADPF","1064",2023-05-15,2024-10-16,"MIN. GILMAR MENDES",1,520
"742","ADPF","1065",2023-05-19,2023-09-13,"MIN. ALEXANDRE DE MORAES",1,117
"743","ADPF","1066",2023-05-22,2025-05-26,"MIN. NUNES MARQUES",1,735
"744","ADPF","1067",2023-05-24,2024-02-22,"MIN. DIAS TOFFOLI",1,274
"745","ADPF","1068",2023-05-24,2025-06-06,"MIN. FLÁVIO DINO",0,744
"746","ADPF","1069",2023-06-01,2025-02-25,"MIN. EDSON FACHIN",1,635
"747","ADPF","1070",2023-06-06,2024-04-24,"MIN. LUIZ FUX",1,323
"748","ADPF","1071",2023-06-07,2024-09-10,"MIN. NUNES MARQUES",1,461
"749","ADPF","1072",2023-06-09,2024-05-22,"MIN. CÁRMEN LÚCIA",1,348
"750","ADPF","1073",2023-06-13,2024-03-08,"MIN. CÁRMEN LÚCIA",1,269
"751","ADPF","1074",2023-06-15,2023-08-23,"MIN. EDSON FACHIN",1,69
"752","ADPF","1075",2023-06-19,2025-06-06,"MIN. DIAS TOFFOLI",0,718
"753","ADPF","1076",2023-06-20,2025-06-06,"MIN. EDSON FACHIN",0,717
"754","ADPF","1077",2023-06-30,2025-06-06,"MIN. ANDRÉ MENDONÇA",0,707
"755","ADPF","1078",2023-07-04,2024-08-09,"MIN. EDSON FACHIN",1,402
"756","ADPF","1079",2023-07-06,2025-06-06,"MIN. NUNES MARQUES",0,701
"757","ADPF","1080",2023-07-07,2023-09-28,"MIN. CÁRMEN LÚCIA",1,83
"758","ADPF","1081",2023-07-14,2025-06-06,"MIN. ANDRÉ MENDONÇA",0,693
"759","ADPF","1082",2023-07-14,2024-04-15,"MIN. GILMAR MENDES",1,276
"760","ADPF","1083",2023-07-28,2025-06-06,"MIN. NUNES MARQUES",0,679
"761","ADPF","1084",2023-08-28,2023-10-30,"MIN. LUIZ FUX",1,63
"762","ADPF","1085",2023-09-03,2024-03-26,"MIN. FLÁVIO DINO",1,205
"763","ADPF","1086",2023-09-19,2024-04-09,"MIN. FLÁVIO DINO",1,203
"764","ADPF","1087",2023-09-22,2025-06-06,"MIN. FLÁVIO DINO",0,623
"765","ADPF","1088",2023-09-22,2024-03-15,"MIN. LUIZ FUX",1,175
"766","ADPF","1089",2023-09-29,2024-10-25,"MIN. CÁRMEN LÚCIA",1,392
"767","ADPF","1090",2023-10-03,2025-06-06,"MIN. CRISTIANO ZANIN",0,612
"768","ADPF","1091",2023-10-11,2024-04-26,"MIN. LUIZ FUX",1,198
"769","ADPF","1092",2023-10-24,2025-06-06,"MIN. ANDRÉ MENDONÇA",0,591
"770","ADPF","1093",2023-10-27,2025-02-14,"MIN. DIAS TOFFOLI",1,476
"771","ADPF","1094",2023-11-13,2024-06-10,"MIN. ALEXANDRE DE MORAES",1,210
"772","ADPF","1095",2023-11-14,2025-06-06,"MIN. GILMAR MENDES",0,570
"773","ADPF","1096",2023-11-16,2024-08-19,"MIN. NUNES MARQUES",1,277
"774","ADPF","1097",2023-11-16,2025-06-06,"MIN. ANDRÉ MENDONÇA",0,568
"775","ADPF","1098",2023-11-20,2024-04-16,"MIN. GILMAR MENDES",1,148
"776","ADPF","1099",2023-11-24,2025-05-07,"MIN. CRISTIANO ZANIN",1,530
"777","ADPF","1100",2023-11-24,2025-06-06,"MIN. NUNES MARQUES",0,560
"778","ADPF","1101",2023-11-30,2025-06-06,"MIN. EDSON FACHIN",0,554
"779","ADPF","1102",2023-12-05,2025-06-06,"MIN. EDSON FACHIN",0,549
"780","ADPF","1103",2023-12-06,2025-06-06,"MIN. GILMAR MENDES",0,548
"781","ADPF","1104",2023-12-07,2025-06-06,"MIN. LUIZ FUX",0,547
"782","ADPF","1105",2023-12-13,2025-06-06,"MIN. CÁRMEN LÚCIA",0,541
"783","ADPF","1106",2023-12-14,2025-06-06,"MIN. EDSON FACHIN",0,540
"784","ADPF","1107",2023-12-14,2024-09-03,"MIN. CÁRMEN LÚCIA",1,264
"785","ADPF","1108",2023-12-15,2025-06-06,"MIN. CRISTIANO ZANIN",0,539
"786","ADPF","1109",2023-12-18,2024-03-22,"MIN. ANDRÉ MENDONÇA",1,95
"787","ADPF","1110",2023-12-18,2025-06-06,"MIN. ANDRÉ MENDONÇA",0,536
"788","ADPF","1112",2023-12-19,2024-04-10,"MIN. CRISTIANO ZANIN",1,113
"789","ADPF","1113",2023-12-19,2024-05-22,"MIN. CRISTIANO ZANIN",1,155
"790","ADPF","1114",2023-12-27,2024-08-23,"MIN. CRISTIANO ZANIN",1,240
"791","ADPF","1115",2024-01-10,2025-06-06,"MIN. LUIZ FUX",0,513
"792","ADPF","1116",2024-01-10,2025-06-06,"MIN. LUIZ FUX",0,513
"793","ADPF","1117",2024-01-12,2025-06-06,"MIN. GILMAR MENDES",0,511
"794","ADPF","1118",2024-01-15,2025-06-06,"MIN. ANDRÉ MENDONÇA",0,508
"795","ADPF","1119",2024-01-15,2025-06-06,"MIN. ANDRÉ MENDONÇA",0,508
"796","ADPF","1120",2024-01-16,2024-03-07,"MIN. EDSON FACHIN",1,51
"797","ADPF","1121",2024-01-16,2024-04-17,"MIN. GILMAR MENDES",1,92
"798","ADPF","1122",2024-01-29,2025-06-06,"MIN. EDSON FACHIN",0,494
"799","ADPF","1123",2024-02-14,2025-06-06,"MIN. CRISTIANO ZANIN",0,478
"800","ADPF","1124",2024-02-19,2024-04-18,"MIN. CÁRMEN LÚCIA",1,59
"801","ADPF","1125",2024-02-22,2024-12-09,"MIN. DIAS TOFFOLI",1,291
"802","ADPF","1126",2024-02-23,2025-06-06,"MIN. NUNES MARQUES",0,469
"803","ADPF","1127",2024-02-26,2024-12-11,"MIN. DIAS TOFFOLI",1,289
"804","ADPF","1128",2024-02-27,2025-06-06,"MIN. ANDRÉ MENDONÇA",0,465
"805","ADPF","1129",2024-02-28,2024-03-26,"MIN. EDSON FACHIN",1,27
"806","ADPF","1130",2024-02-29,2025-06-06,"MIN. NUNES MARQUES",0,463
"807","ADPF","1131",2024-03-04,2024-04-09,"MIN. FLÁVIO DINO",1,36
"808","ADPF","1132",2024-03-04,2025-06-06,"MIN. CRISTIANO ZANIN",0,459
"809","ADPF","1133",2024-03-05,2024-10-17,"MIN. ALEXANDRE DE MORAES",1,226
"810","ADPF","1134",2024-03-13,2025-03-05,"MIN. DIAS TOFFOLI",1,357
"811","ADPF","1135",2024-03-18,2024-08-30,"MIN. NUNES MARQUES",1,165
"812","ADPF","1136",2024-03-26,2024-09-04,"MIN. ALEXANDRE DE MORAES",1,162
"813","ADPF","1137",2024-03-26,2025-06-06,"MIN. LUIZ FUX",0,437
"814","ADPF","1138",2024-04-01,2025-06-06,"MIN. CRISTIANO ZANIN",0,431
"815","ADPF","1139",2024-04-04,2024-05-28,"MIN. CÁRMEN LÚCIA",1,54
"816","ADPF","1140",2024-04-05,2025-02-25,"MIN. DIAS TOFFOLI",1,326
"817","ADPF","1141",2024-04-10,2025-06-06,"MIN. ALEXANDRE DE MORAES",0,422
"818","ADPF","1142",2024-04-12,2024-05-13,"MIN. ALEXANDRE DE MORAES",1,31
"819","ADPF","1143",2024-04-16,2025-06-06,"MIN. CRISTIANO ZANIN",0,416
"820","ADPF","1144",2024-04-19,2025-06-06,"MIN. LUIZ FUX",0,413
"821","ADPF","1145",2024-04-22,2025-02-05,"MIN. LUIZ FUX",1,289
"822","ADPF","1146",2024-04-25,2024-06-18,"MIN. FLÁVIO DINO",1,54
"823","ADPF","1147",2024-04-29,2025-06-06,"MIN. GILMAR MENDES",0,403
"824","ADPF","1148",2024-05-06,2025-06-06,"MIN. ANDRÉ MENDONÇA",0,396
"825","ADPF","1149",2024-05-14,2025-06-06,"MIN. CÁRMEN LÚCIA",0,388
"826","ADPF","1150",2024-05-14,2024-05-14,"MIN. ALEXANDRE DE MORAES",1,0
"827","ADPF","1151",2024-05-14,2025-02-04,"MIN. DIAS TOFFOLI",1,266
"828","ADPF","1152",2024-05-14,2025-03-14,"MIN. CÁRMEN LÚCIA",1,304
"829","ADPF","1153",2024-05-14,2024-05-14,"MIN. LUIZ FUX",1,0
"830","ADPF","1154",2024-05-14,2025-06-06,"MIN. NUNES MARQUES",0,388
"831","ADPF","1155",2024-05-14,2025-06-06,"MIN. ALEXANDRE DE MORAES",0,388
"832","ADPF","1156",2024-05-14,2025-02-26,"MIN. LUIZ FUX",1,288
"833","ADPF","1157",2024-05-14,2025-06-06,"MIN. EDSON FACHIN",0,388
"834","ADPF","1158",2024-05-14,2025-05-19,"MIN. ANDRÉ MENDONÇA",1,370
"835","ADPF","1159",2024-05-14,2025-06-06,"MIN. FLÁVIO DINO",0,388
"836","ADPF","1160",2024-05-14,2025-02-04,"MIN. DIAS TOFFOLI",1,266
"837","ADPF","1161",2024-05-14,2025-02-04,"MIN. CÁRMEN LÚCIA",1,266
"838","ADPF","1162",2024-05-14,2025-05-19,"MIN. ANDRÉ MENDONÇA",1,370
"839","ADPF","1163",2024-05-14,2025-06-06,"MIN. FLÁVIO DINO",0,388
"840","ADPF","1164",2024-05-14,2025-05-19,"MIN. ANDRÉ MENDONÇA",1,370
"841","ADPF","1165",2024-05-14,2025-02-21,"MIN. CÁRMEN LÚCIA",1,283
"842","ADPF","1166",2024-05-14,2024-11-28,"MIN. GILMAR MENDES",1,198
"843","ADPF","1167",2024-05-22,2025-06-06,"MIN. EDSON FACHIN",0,380
"844","ADPF","1168",2024-05-28,2025-06-06,"MIN. EDSON FACHIN",0,374
"845","ADPF","1169",2024-05-29,2025-06-06,"MIN. CÁRMEN LÚCIA",0,373
"846","ADPF","1170",2024-05-29,2025-06-06,"MIN. FLÁVIO DINO",0,373
"847","ADPF","1171",2024-05-29,2025-06-06,"MIN. FLÁVIO DINO",0,373
"848","ADPF","1172",2024-05-29,2025-06-06,"MIN. ANDRÉ MENDONÇA",0,373
"849","ADPF","1173",2024-05-29,2025-06-06,"MIN. GILMAR MENDES",0,373
"850","ADPF","1174",2024-06-04,2025-06-06,"MIN. ALEXANDRE DE MORAES",0,367
"851","ADPF","1175",2024-06-04,2025-06-06,"MIN. DIAS TOFFOLI",0,367
"852","ADPF","1176",2024-06-07,2025-06-06,"MIN. ANDRÉ MENDONÇA",0,364
"853","ADPF","1177",2024-06-11,2024-08-20,"MIN. ALEXANDRE DE MORAES",1,70
"854","ADPF","1178",2024-06-12,2025-06-06,"MIN. FLÁVIO DINO",0,359
"855","ADPF","1179",2024-06-27,2025-06-06,"MIN. ANDRÉ MENDONÇA",0,344
"856","ADPF","1180",2024-07-15,2025-06-06,"MIN. CRISTIANO ZANIN",0,326
"857","ADPF","1181",2024-07-16,2025-06-06,"MIN. ALEXANDRE DE MORAES",0,325
"858","ADPF","1182",2024-07-17,2025-06-06,"MIN. CRISTIANO ZANIN",0,324
"859","ADPF","1183",2024-07-30,2025-06-06,"MIN. EDSON FACHIN",0,311
"860","ADPF","1184",2024-08-09,2025-06-06,"MIN. ALEXANDRE DE MORAES",0,301
"861","ADPF","1185",2024-08-12,2025-06-06,"MIN. DIAS TOFFOLI",0,298
"862","ADPF","1186",2024-08-22,2025-06-06,"MIN. EDSON FACHIN",0,288
"863","ADPF","1187",2024-08-31,2025-06-06,"MIN. NUNES MARQUES",0,279
"864","ADPF","1188",2024-09-02,2025-06-06,"MIN. NUNES MARQUES",0,277
"865","ADPF","1189",2024-09-03,2025-06-06,"MIN. NUNES MARQUES",0,276
"866","ADPF","1190",2024-09-03,2024-11-21,"MIN. NUNES MARQUES",1,79
"867","ADPF","1191",2024-09-09,2025-06-06,"MIN. ALEXANDRE DE MORAES",0,270
"868","ADPF","1192",2024-10-07,2025-06-06,"MIN. EDSON FACHIN",0,242
"869","ADPF","1193",2024-11-06,2025-06-06,"MIN. CRISTIANO ZANIN",0,212
"870","ADPF","1194",2024-11-08,2025-06-06,"MIN. CRISTIANO ZANIN",0,210
"871","ADPF","1195",2024-11-08,2025-02-21,"MIN. CÁRMEN LÚCIA",1,105
"872","ADPF","1196",2024-11-18,2025-06-06,"MIN. FLÁVIO DINO",0,200
"873","ADPF","1197",2024-11-21,2025-06-06,"MIN. CÁRMEN LÚCIA",0,197
"874","ADPF","1198",2024-12-03,2025-03-27,"MIN. CÁRMEN LÚCIA",1,114
"875","ADPF","1199",2024-12-03,2025-06-06,"MIN. DIAS TOFFOLI",0,185
"876","ADPF","1200",2024-12-10,2025-06-06,"MIN. LUIZ FUX",0,178
"877","ADPF","1201",2024-12-18,2025-06-06,"MIN. FLÁVIO DINO",0,170
"878","ADPF","1202",2024-12-23,2025-02-25,"MIN. EDSON FACHIN",1,64
"879","ADPF","1203",2024-12-30,2025-02-25,"MIN. ANDRÉ MENDONÇA",1,57
